ID,mang_presence,salt_presence,seag_presence,cluster_5,hex_5,cluster_18,hex_18
18684,1,1,0,3,#43cd80,6,#EEDC82
18685,1,1,1,1,#cd2626,6,#EEDC82
18686,1,1,1,1,#cd2626,6,#EEDC82
18687,1,1,1,1,#cd2626,6,#EEDC82
18718,1,1,0,2,#eead0e,13,#EEAEEE
19075,1,1,0,1,#cd2626,13,#EEAEEE
19076,1,1,0,1,#cd2626,13,#EEAEEE
19077,1,1,0,1,#cd2626,13,#EEAEEE
19410,1,1,0,1,#cd2626,6,#EEDC82
19411,1,1,0,1,#cd2626,13,#EEAEEE
19435,1,1,0,1,#cd2626,13,#EEAEEE
19436,1,1,0,1,#cd2626,13,#EEAEEE
19760,1,1,0,5,#b452cd,5,#EEAD0E
19771,1,1,0,1,#cd2626,6,#EEDC82
19794,1,1,0,1,#cd2626,13,#EEAEEE
19795,1,1,0,1,#cd2626,13,#EEAEEE
20117,1,0,1,5,#b452cd,8,#43CD80
20118,1,0,1,5,#b452cd,3,#EE7600
20119,1,1,1,3,#43cd80,5,#EEAD0E
20131,1,1,0,1,#cd2626,6,#EEDC82
20132,1,1,1,1,#cd2626,6,#EEDC82
20153,1,1,0,1,#cd2626,13,#EEAEEE
20154,1,1,0,1,#cd2626,13,#EEAEEE
20368,1,1,0,1,#cd2626,13,#EEAEEE
20475,1,1,1,3,#43cd80,3,#EE7600
20477,1,1,1,5,#b452cd,3,#EE7600
20478,1,1,1,5,#b452cd,6,#EEDC82
20479,1,1,1,1,#cd2626,6,#EEDC82
20491,1,1,0,1,#cd2626,6,#EEDC82
20492,1,1,1,1,#cd2626,13,#EEAEEE
20728,1,0,0,2,#eead0e,12,#6959CD
20729,1,0,0,1,#cd2626,12,#6959CD
20730,1,0,0,1,#cd2626,18,#FF6A6A
20834,1,1,1,1,#cd2626,6,#EEDC82
20835,1,1,1,5,#b452cd,6,#EEDC82
20838,1,1,1,1,#cd2626,6,#EEDC82
20852,1,1,1,1,#cd2626,13,#EEAEEE
20853,1,1,0,1,#cd2626,13,#EEAEEE
21090,1,0,0,1,#cd2626,12,#6959CD
21091,1,0,0,1,#cd2626,1,#FF3030
21213,1,1,0,1,#cd2626,6,#EEDC82
21451,1,0,0,2,#eead0e,17,#EE799F
21573,1,1,0,1,#cd2626,6,#EEDC82
21574,1,1,0,1,#cd2626,6,#EEDC82
21811,1,0,0,1,#cd2626,1,#FF3030
21812,1,0,0,1,#cd2626,18,#FF6A6A
21895,1,1,1,3,#43cd80,3,#EE7600
21934,1,1,0,5,#b452cd,6,#EEDC82
22172,1,0,0,1,#cd2626,13,#EEAEEE
22173,1,1,0,1,#cd2626,18,#FF6A6A
22255,1,1,1,5,#b452cd,3,#EE7600
22294,1,1,1,1,#cd2626,6,#EEDC82
22452,1,0,0,4,#6ca6cd,11,#4876FF
22533,1,1,1,1,#cd2626,6,#EEDC82
22653,1,0,0,5,#b452cd,6,#EEDC82
22654,1,1,1,1,#cd2626,5,#EEAD0E
22812,1,0,0,4,#6ca6cd,11,#4876FF
22893,1,0,1,2,#eead0e,12,#6959CD
22974,1,0,1,5,#b452cd,3,#EE7600
23013,1,0,0,5,#b452cd,6,#EEDC82
23014,1,1,1,1,#cd2626,6,#EEDC82
23172,1,0,0,4,#6ca6cd,11,#4876FF
23173,1,0,0,4,#6ca6cd,11,#4876FF
23253,1,0,1,2,#eead0e,12,#6959CD
23265,1,0,1,5,#b452cd,2,#CD2626
23334,1,0,1,5,#b452cd,8,#43CD80
23373,1,1,1,1,#cd2626,6,#EEDC82
23374,1,1,1,1,#cd2626,7,#98FB98
23532,1,0,0,1,#cd2626,6,#EEDC82
23533,1,0,0,4,#6ca6cd,13,#EEAEEE
23534,1,0,0,4,#6ca6cd,13,#EEAEEE
23625,1,0,0,1,#cd2626,18,#FF6A6A
23694,1,1,1,5,#b452cd,3,#EE7600
23732,1,1,1,5,#b452cd,7,#98FB98
23733,1,1,1,1,#cd2626,5,#EEAD0E
23734,1,0,1,5,#b452cd,7,#98FB98
23894,1,0,0,4,#6ca6cd,13,#EEAEEE
23895,1,0,0,4,#6ca6cd,13,#EEAEEE
23896,1,0,0,4,#6ca6cd,11,#4876FF
23897,1,0,0,4,#6ca6cd,13,#EEAEEE
23976,1,0,0,1,#cd2626,16,#FF3E96
23984,1,1,1,1,#cd2626,7,#98FB98
24091,1,1,1,5,#b452cd,7,#98FB98
24092,1,1,1,1,#cd2626,16,#FF3E96
24256,1,0,0,4,#6ca6cd,11,#4876FF
24257,1,0,0,1,#cd2626,13,#EEAEEE
24258,1,0,0,1,#cd2626,13,#EEAEEE
24259,1,0,0,1,#cd2626,13,#EEAEEE
24336,1,0,0,1,#cd2626,16,#FF3E96
24344,1,0,1,1,#cd2626,16,#FF3E96
24415,1,1,1,5,#b452cd,8,#43CD80
24450,1,1,1,5,#b452cd,7,#98FB98
24451,1,1,1,5,#b452cd,7,#98FB98
24467,1,0,1,5,#b452cd,7,#98FB98
24468,1,0,1,5,#b452cd,8,#43CD80
24485,1,0,1,3,#43cd80,3,#EE7600
24619,1,0,0,1,#cd2626,16,#FF3E96
24620,1,0,0,1,#cd2626,16,#FF3E96
24695,1,0,0,1,#cd2626,13,#EEAEEE
24696,1,0,1,1,#cd2626,16,#FF3E96
24704,1,0,1,1,#cd2626,4,#EEC900
24774,1,0,0,5,#b452cd,9,#AEEEEE
24775,1,1,0,5,#b452cd,3,#EE7600
24776,1,1,0,5,#b452cd,3,#EE7600
24777,1,1,0,3,#43cd80,7,#98FB98
24809,1,1,0,1,#cd2626,6,#EEDC82
24810,1,1,1,1,#cd2626,13,#EEAEEE
24825,1,0,0,1,#cd2626,7,#98FB98
24826,1,0,0,5,#b452cd,7,#98FB98
24827,1,0,0,5,#b452cd,7,#98FB98
24980,1,0,0,1,#cd2626,13,#EEAEEE
25055,1,0,0,1,#cd2626,4,#EEC900
25056,1,0,0,1,#cd2626,16,#FF3E96
25064,1,0,0,1,#cd2626,16,#FF3E96
25065,1,0,1,1,#cd2626,4,#EEC900
25078,1,0,0,3,#43cd80,4,#EEC900
25137,1,1,0,1,#cd2626,18,#FF6A6A
25138,1,1,0,1,#cd2626,6,#EEDC82
25139,1,1,0,3,#43cd80,5,#EEAD0E
25140,1,1,0,5,#b452cd,7,#98FB98
25169,1,1,1,1,#cd2626,7,#98FB98
25170,1,1,1,1,#cd2626,7,#98FB98
25184,1,0,0,5,#b452cd,7,#98FB98
25185,1,0,1,3,#43cd80,7,#98FB98
25186,1,0,1,3,#43cd80,5,#EEAD0E
25187,1,0,0,5,#b452cd,6,#EEDC82
25340,1,0,0,4,#6ca6cd,13,#EEAEEE
25341,1,0,0,4,#6ca6cd,13,#EEAEEE
25415,1,0,0,1,#cd2626,4,#EEC900
25416,1,0,0,1,#cd2626,16,#FF3E96
25425,1,0,0,4,#6ca6cd,4,#EEC900
25500,1,1,0,5,#b452cd,7,#98FB98
25527,1,1,1,1,#cd2626,5,#EEAD0E
25528,1,1,1,5,#b452cd,7,#98FB98
25529,1,1,1,1,#cd2626,7,#98FB98
25544,1,0,0,5,#b452cd,6,#EEDC82
25559,1,0,1,5,#b452cd,6,#EEDC82
25567,1,0,0,1,#cd2626,6,#EEDC82
25701,1,0,0,4,#6ca6cd,13,#EEAEEE
25776,1,0,0,1,#cd2626,16,#FF3E96
25777,1,0,0,1,#cd2626,16,#FF3E96
25785,1,0,0,1,#cd2626,16,#FF3E96
25862,1,0,0,5,#b452cd,7,#98FB98
25863,1,0,0,5,#b452cd,7,#98FB98
25886,1,1,0,5,#b452cd,7,#98FB98
25887,1,1,1,5,#b452cd,7,#98FB98
25918,1,0,1,3,#43cd80,5,#EEAD0E
25919,1,0,1,3,#43cd80,5,#EEAD0E
25920,1,0,0,1,#cd2626,6,#EEDC82
26061,1,0,0,1,#cd2626,16,#FF3E96
26137,1,0,0,1,#cd2626,16,#FF3E96
26138,1,0,0,1,#cd2626,16,#FF3E96
26139,1,0,0,1,#cd2626,16,#FF3E96
26144,1,0,0,1,#cd2626,4,#EEC900
26145,1,0,0,1,#cd2626,4,#EEC900
26223,1,1,0,5,#b452cd,7,#98FB98
26224,1,1,0,5,#b452cd,6,#EEDC82
26240,1,1,1,5,#b452cd,7,#98FB98
26241,1,1,1,5,#b452cd,7,#98FB98
26242,1,1,0,5,#b452cd,7,#98FB98
26246,1,1,0,1,#cd2626,7,#98FB98
26247,1,1,1,1,#cd2626,6,#EEDC82
26269,1,0,1,5,#b452cd,5,#EEAD0E
26277,1,0,0,5,#b452cd,6,#EEDC82
26278,1,0,0,3,#43cd80,5,#EEAD0E
26279,1,0,1,3,#43cd80,5,#EEAD0E
26280,1,0,0,1,#cd2626,6,#EEDC82
26421,1,0,0,1,#cd2626,16,#FF3E96
26422,1,0,0,1,#cd2626,16,#FF3E96
26499,1,0,0,1,#cd2626,4,#EEC900
26500,1,0,0,1,#cd2626,4,#EEC900
26501,1,0,0,1,#cd2626,4,#EEC900
26505,1,0,0,3,#43cd80,4,#EEC900
26506,1,0,1,3,#43cd80,4,#EEC900
26507,1,0,0,4,#6ca6cd,4,#EEC900
26583,1,0,0,5,#b452cd,6,#EEDC82
26584,1,1,1,5,#b452cd,6,#EEDC82
26585,1,1,1,5,#b452cd,7,#98FB98
26598,1,1,1,5,#b452cd,7,#98FB98
26599,1,1,1,5,#b452cd,7,#98FB98
26600,1,1,1,5,#b452cd,7,#98FB98
26601,1,0,0,5,#b452cd,7,#98FB98
26602,1,1,0,5,#b452cd,7,#98FB98
26606,1,1,1,1,#cd2626,5,#EEAD0E
26628,1,0,1,5,#b452cd,5,#EEAD0E
26639,1,0,0,3,#43cd80,5,#EEAD0E
26640,1,0,0,3,#43cd80,3,#EE7600
26781,1,0,0,1,#cd2626,16,#FF3E96
26782,1,0,0,1,#cd2626,16,#FF3E96
26861,1,0,0,1,#cd2626,4,#EEC900
26866,1,0,1,3,#43cd80,4,#EEC900
26867,1,0,1,1,#cd2626,4,#EEC900
26868,1,0,1,1,#cd2626,4,#EEC900
26945,1,1,0,1,#cd2626,13,#EEAEEE
26946,1,1,0,4,#6ca6cd,13,#EEAEEE
26948,1,1,0,5,#b452cd,7,#98FB98
26949,1,1,0,1,#cd2626,6,#EEDC82
26950,1,1,0,1,#cd2626,7,#98FB98
26956,1,1,1,5,#b452cd,7,#98FB98
26957,1,1,1,5,#b452cd,7,#98FB98
26958,1,1,0,5,#b452cd,7,#98FB98
26962,1,1,0,5,#b452cd,7,#98FB98
26966,1,1,1,5,#b452cd,7,#98FB98
27009,1,0,1,1,#cd2626,6,#EEDC82
27010,1,1,1,1,#cd2626,6,#EEDC82
27141,1,0,0,1,#cd2626,16,#FF3E96
27142,1,0,0,1,#cd2626,16,#FF3E96
27221,1,0,0,1,#cd2626,4,#EEC900
27228,1,0,1,3,#43cd80,4,#EEC900
27229,1,0,0,1,#cd2626,4,#EEC900
27305,1,0,0,4,#6ca6cd,13,#EEAEEE
27306,1,1,0,5,#b452cd,7,#98FB98
27307,1,1,0,5,#b452cd,7,#98FB98
27308,1,1,0,1,#cd2626,7,#98FB98
27309,1,1,0,1,#cd2626,6,#EEDC82
27310,1,1,0,1,#cd2626,7,#98FB98
27316,1,1,1,1,#cd2626,7,#98FB98
27317,1,0,1,5,#b452cd,7,#98FB98
27322,1,1,0,5,#b452cd,7,#98FB98
27324,1,1,1,5,#b452cd,7,#98FB98
27325,1,1,1,1,#cd2626,7,#98FB98
27326,1,1,1,1,#cd2626,7,#98FB98
27368,1,0,1,1,#cd2626,6,#EEDC82
27369,1,0,1,1,#cd2626,6,#EEDC82
27501,1,0,0,1,#cd2626,16,#FF3E96
27502,1,0,0,1,#cd2626,16,#FF3E96
27581,1,0,1,1,#cd2626,4,#EEC900
27588,1,0,0,3,#43cd80,4,#EEC900
27589,1,0,1,3,#43cd80,4,#EEC900
27590,1,0,0,3,#43cd80,4,#EEC900
27667,1,1,0,5,#b452cd,7,#98FB98
27668,1,0,0,5,#b452cd,7,#98FB98
27670,1,1,0,5,#b452cd,7,#98FB98
27671,1,1,0,3,#43cd80,7,#98FB98
27676,1,1,1,1,#cd2626,7,#98FB98
27677,1,1,1,1,#cd2626,7,#98FB98
27682,1,1,1,1,#cd2626,7,#98FB98
27684,1,1,1,5,#b452cd,7,#98FB98
27862,1,0,0,1,#cd2626,16,#FF3E96
27863,1,0,0,1,#cd2626,16,#FF3E96
27941,1,0,1,1,#cd2626,4,#EEC900
27944,1,0,0,3,#43cd80,10,#6CA6CD
27945,1,0,1,3,#43cd80,5,#EEAD0E
27946,1,0,1,3,#43cd80,4,#EEC900
27949,1,0,0,3,#43cd80,4,#EEC900
27950,1,1,0,3,#43cd80,4,#EEC900
28031,1,1,0,3,#43cd80,5,#EEAD0E
28032,1,1,1,4,#6ca6cd,13,#EEAEEE
28033,1,1,0,4,#6ca6cd,13,#EEAEEE
28035,1,1,1,1,#cd2626,7,#98FB98
28036,1,1,1,1,#cd2626,7,#98FB98
28037,1,1,1,5,#b452cd,7,#98FB98
28042,1,1,1,1,#cd2626,7,#98FB98
28043,1,1,1,1,#cd2626,7,#98FB98
28044,1,1,1,1,#cd2626,7,#98FB98
28223,1,0,0,1,#cd2626,16,#FF3E96
28301,1,0,0,3,#43cd80,4,#EEC900
28304,1,0,0,1,#cd2626,18,#FF6A6A
28310,1,0,0,1,#cd2626,18,#FF6A6A
28391,1,1,0,5,#b452cd,7,#98FB98
28392,1,1,0,1,#cd2626,7,#98FB98
28393,1,1,0,4,#6ca6cd,13,#EEAEEE
28394,1,1,1,1,#cd2626,7,#98FB98
28395,1,1,1,1,#cd2626,7,#98FB98
28396,1,0,1,5,#b452cd,7,#98FB98
28397,1,0,1,5,#b452cd,7,#98FB98
28402,1,1,1,1,#cd2626,7,#98FB98
28403,1,1,1,5,#b452cd,7,#98FB98
28404,1,1,1,5,#b452cd,7,#98FB98
28413,1,0,0,5,#b452cd,8,#43CD80
28414,1,0,0,5,#b452cd,8,#43CD80
28415,1,0,0,5,#b452cd,8,#43CD80
28427,1,0,0,5,#b452cd,8,#43CD80
28583,1,0,0,1,#cd2626,16,#FF3E96
28584,1,0,0,1,#cd2626,16,#FF3E96
28634,1,0,0,4,#6ca6cd,12,#6959CD
28660,1,0,0,1,#cd2626,4,#EEC900
28661,1,0,0,1,#cd2626,4,#EEC900
28741,1,0,0,3,#43cd80,5,#EEAD0E
28743,1,0,1,3,#43cd80,5,#EEAD0E
28744,1,0,0,3,#43cd80,5,#EEAD0E
28745,1,0,0,1,#cd2626,5,#EEAD0E
28753,1,0,0,5,#b452cd,6,#EEDC82
28763,1,1,1,5,#b452cd,7,#98FB98
28768,1,0,1,5,#b452cd,7,#98FB98
28769,1,0,1,5,#b452cd,7,#98FB98
28770,1,0,1,5,#b452cd,7,#98FB98
28771,1,0,1,5,#b452cd,7,#98FB98
28772,1,0,1,5,#b452cd,8,#43CD80
28782,1,0,0,5,#b452cd,8,#43CD80
28783,1,0,0,5,#b452cd,8,#43CD80
28786,1,0,0,5,#b452cd,8,#43CD80
28787,1,0,0,5,#b452cd,8,#43CD80
28944,1,0,0,1,#cd2626,16,#FF3E96
28945,1,0,0,1,#cd2626,16,#FF3E96
28994,1,0,1,2,#eead0e,15,#B452CD
29020,1,0,0,1,#cd2626,4,#EEC900
29099,1,0,0,1,#cd2626,5,#EEAD0E
29100,1,0,0,3,#43cd80,5,#EEAD0E
29101,1,0,0,3,#43cd80,5,#EEAD0E
29105,1,0,0,3,#43cd80,5,#EEAD0E
29106,1,0,0,1,#cd2626,5,#EEAD0E
29107,1,0,0,1,#cd2626,6,#EEDC82
29121,1,0,0,1,#cd2626,18,#FF6A6A
29122,1,0,0,1,#cd2626,7,#98FB98
29123,1,0,1,5,#b452cd,7,#98FB98
29124,1,0,1,5,#b452cd,7,#98FB98
29127,1,0,0,5,#b452cd,8,#43CD80
29128,1,0,1,5,#b452cd,7,#98FB98
29129,1,0,0,5,#b452cd,8,#43CD80
29130,1,0,1,5,#b452cd,7,#98FB98
29131,1,0,0,5,#b452cd,8,#43CD80
29132,1,0,0,5,#b452cd,8,#43CD80
29133,1,0,0,5,#b452cd,8,#43CD80
29140,1,0,0,5,#b452cd,8,#43CD80
29141,1,0,0,5,#b452cd,8,#43CD80
29142,1,0,1,5,#b452cd,8,#43CD80
29305,1,0,0,1,#cd2626,16,#FF3E96
29306,1,0,0,1,#cd2626,16,#FF3E96
29354,1,0,1,2,#eead0e,15,#B452CD
29380,1,0,0,1,#cd2626,4,#EEC900
29453,1,0,0,3,#43cd80,5,#EEAD0E
29455,1,0,1,3,#43cd80,5,#EEAD0E
29456,1,0,1,1,#cd2626,5,#EEAD0E
29457,1,0,1,3,#43cd80,5,#EEAD0E
29458,1,0,0,1,#cd2626,5,#EEAD0E
29459,1,0,1,3,#43cd80,5,#EEAD0E
29460,1,0,1,3,#43cd80,5,#EEAD0E
29461,1,0,0,3,#43cd80,5,#EEAD0E
29462,1,0,0,3,#43cd80,5,#EEAD0E
29463,1,0,0,3,#43cd80,5,#EEAD0E
29464,1,0,0,3,#43cd80,5,#EEAD0E
29465,1,0,0,3,#43cd80,5,#EEAD0E
29466,1,0,0,3,#43cd80,3,#EE7600
29467,1,0,1,3,#43cd80,5,#EEAD0E
29468,1,0,0,3,#43cd80,5,#EEAD0E
29471,1,0,0,1,#cd2626,5,#EEAD0E
29472,1,0,0,1,#cd2626,5,#EEAD0E
29478,1,0,0,1,#cd2626,6,#EEDC82
29479,1,0,0,1,#cd2626,5,#EEAD0E
29480,1,0,0,1,#cd2626,5,#EEAD0E
29481,1,0,0,1,#cd2626,16,#FF3E96
29482,1,0,0,1,#cd2626,7,#98FB98
29483,1,0,0,5,#b452cd,7,#98FB98
29484,1,0,0,5,#b452cd,7,#98FB98
29486,1,0,0,5,#b452cd,8,#43CD80
29487,1,0,0,5,#b452cd,7,#98FB98
29488,1,0,0,5,#b452cd,6,#EEDC82
29489,1,0,0,5,#b452cd,7,#98FB98
29490,1,0,0,5,#b452cd,6,#EEDC82
29491,1,0,0,5,#b452cd,8,#43CD80
29492,1,0,0,5,#b452cd,8,#43CD80
29493,1,0,0,5,#b452cd,8,#43CD80
29497,1,0,0,5,#b452cd,8,#43CD80
29498,1,0,0,5,#b452cd,8,#43CD80
29499,1,0,0,5,#b452cd,8,#43CD80
29500,1,0,0,5,#b452cd,8,#43CD80
29501,1,0,0,5,#b452cd,8,#43CD80
29502,1,0,0,5,#b452cd,8,#43CD80
29666,1,0,0,1,#cd2626,16,#FF3E96
29713,1,0,0,2,#eead0e,15,#B452CD
29714,1,0,0,2,#eead0e,15,#B452CD
29740,1,0,0,1,#cd2626,4,#EEC900
29809,1,0,0,2,#eead0e,14,#9F79EE
29810,1,0,0,3,#43cd80,5,#EEAD0E
29813,1,0,0,2,#eead0e,17,#EE799F
29814,1,0,1,3,#43cd80,5,#EEAD0E
29815,1,0,1,3,#43cd80,3,#EE7600
29816,1,0,1,3,#43cd80,3,#EE7600
29821,1,0,0,1,#cd2626,18,#FF6A6A
29822,1,0,0,1,#cd2626,6,#EEDC82
29826,1,0,0,3,#43cd80,5,#EEAD0E
29831,1,0,0,3,#43cd80,5,#EEAD0E
29832,1,0,0,1,#cd2626,5,#EEAD0E
29835,1,0,0,1,#cd2626,6,#EEDC82
29838,1,0,0,1,#cd2626,6,#EEDC82
29839,1,0,0,1,#cd2626,6,#EEDC82
29840,1,0,0,1,#cd2626,6,#EEDC82
29841,1,0,0,5,#b452cd,6,#EEDC82
29844,1,0,0,5,#b452cd,8,#43CD80
29845,1,0,0,5,#b452cd,8,#43CD80
29846,1,0,0,5,#b452cd,7,#98FB98
29848,1,0,1,5,#b452cd,8,#43CD80
29856,1,0,0,5,#b452cd,8,#43CD80
29857,1,0,0,5,#b452cd,8,#43CD80
29858,1,0,0,5,#b452cd,8,#43CD80
29859,1,0,0,5,#b452cd,8,#43CD80
29860,1,0,0,5,#b452cd,8,#43CD80
30025,1,0,0,1,#cd2626,16,#FF3E96
30026,1,0,0,1,#cd2626,16,#FF3E96
30073,1,0,0,2,#eead0e,15,#B452CD
30099,1,0,0,3,#43cd80,4,#EEC900
30100,1,0,1,1,#cd2626,4,#EEC900
30166,1,0,0,3,#43cd80,5,#EEAD0E
30167,1,0,0,2,#eead0e,17,#EE799F
30168,1,0,0,3,#43cd80,17,#EE799F
30169,1,0,0,3,#43cd80,17,#EE799F
30170,1,0,0,2,#eead0e,17,#EE799F
30171,1,0,0,3,#43cd80,17,#EE799F
30172,1,0,0,2,#eead0e,17,#EE799F
30173,1,0,0,3,#43cd80,3,#EE7600
30174,1,0,0,3,#43cd80,3,#EE7600
30176,1,0,1,3,#43cd80,5,#EEAD0E
30181,1,0,0,3,#43cd80,3,#EE7600
30192,1,0,0,1,#cd2626,6,#EEDC82
30195,1,0,1,1,#cd2626,5,#EEAD0E
30199,1,0,0,1,#cd2626,6,#EEDC82
30200,1,0,0,5,#b452cd,6,#EEDC82
30207,1,0,0,5,#b452cd,7,#98FB98
30208,1,0,1,5,#b452cd,8,#43CD80
30209,1,0,0,5,#b452cd,8,#43CD80
30210,1,0,0,5,#b452cd,8,#43CD80
30211,1,0,0,5,#b452cd,8,#43CD80
30216,1,0,0,5,#b452cd,8,#43CD80
30217,1,0,0,5,#b452cd,8,#43CD80
30218,1,0,0,5,#b452cd,8,#43CD80
30384,1,0,0,1,#cd2626,16,#FF3E96
30385,1,0,0,1,#cd2626,16,#FF3E96
30433,1,0,0,2,#eead0e,15,#B452CD
30459,1,0,0,1,#cd2626,4,#EEC900
30460,1,0,0,1,#cd2626,4,#EEC900
30523,1,0,1,3,#43cd80,5,#EEAD0E
30524,1,0,0,1,#cd2626,18,#FF6A6A
30525,1,0,0,2,#eead0e,18,#FF6A6A
30526,1,0,0,2,#eead0e,18,#FF6A6A
30527,1,0,0,3,#43cd80,17,#EE799F
30528,1,0,0,3,#43cd80,17,#EE799F
30529,1,0,0,3,#43cd80,5,#EEAD0E
30531,1,0,0,3,#43cd80,3,#EE7600
30533,1,0,1,3,#43cd80,3,#EE7600
30535,1,0,0,3,#43cd80,3,#EE7600
30540,1,0,1,3,#43cd80,3,#EE7600
30541,1,0,0,1,#cd2626,5,#EEAD0E
30542,1,0,0,3,#43cd80,3,#EE7600
30543,1,0,0,3,#43cd80,5,#EEAD0E
30544,1,0,0,3,#43cd80,3,#EE7600
30553,1,0,1,3,#43cd80,5,#EEAD0E
30554,1,0,1,3,#43cd80,5,#EEAD0E
30555,1,0,1,1,#cd2626,5,#EEAD0E
30558,1,0,0,1,#cd2626,5,#EEAD0E
30559,1,0,0,1,#cd2626,16,#FF3E96
30566,1,0,0,5,#b452cd,8,#43CD80
30568,1,0,0,5,#b452cd,8,#43CD80
30569,1,0,0,5,#b452cd,8,#43CD80
30570,1,0,0,5,#b452cd,8,#43CD80
30571,1,0,0,5,#b452cd,8,#43CD80
30572,1,0,0,5,#b452cd,8,#43CD80
30575,1,0,0,1,#cd2626,6,#EEDC82
30576,1,0,0,5,#b452cd,8,#43CD80
30742,1,0,0,1,#cd2626,13,#EEAEEE
30743,1,0,0,1,#cd2626,16,#FF3E96
30820,1,0,1,1,#cd2626,4,#EEC900
30836,1,0,0,3,#43cd80,4,#EEC900
30886,1,0,0,2,#eead0e,18,#FF6A6A
30895,1,0,0,3,#43cd80,3,#EE7600
30897,1,0,0,3,#43cd80,3,#EE7600
30900,1,0,0,3,#43cd80,5,#EEAD0E
30901,1,0,0,2,#eead0e,17,#EE799F
30902,1,0,0,3,#43cd80,3,#EE7600
30903,1,0,0,1,#cd2626,18,#FF6A6A
30904,1,0,0,3,#43cd80,5,#EEAD0E
30912,1,0,0,3,#43cd80,6,#EEDC82
30913,1,0,0,3,#43cd80,3,#EE7600
30914,1,0,0,3,#43cd80,5,#EEAD0E
30915,1,0,0,1,#cd2626,5,#EEAD0E
30916,1,0,0,1,#cd2626,5,#EEAD0E
30917,1,0,0,1,#cd2626,5,#EEAD0E
30918,1,0,0,1,#cd2626,16,#FF3E96
30925,1,0,0,5,#b452cd,7,#98FB98
30926,1,0,0,1,#cd2626,6,#EEDC82
30932,1,0,1,5,#b452cd,8,#43CD80
30933,1,0,1,5,#b452cd,8,#43CD80
30935,1,0,0,5,#b452cd,8,#43CD80
31060,1,1,0,1,#cd2626,16,#FF3E96
31061,1,0,0,1,#cd2626,16,#FF3E96
31096,1,0,0,1,#cd2626,16,#FF3E96
31099,1,0,0,1,#cd2626,4,#EEC900
31100,1,0,0,1,#cd2626,5,#EEAD0E
31101,1,0,1,1,#cd2626,16,#FF3E96
31102,1,0,1,1,#cd2626,5,#EEAD0E
31151,1,0,0,2,#eead0e,15,#B452CD
31180,1,0,1,1,#cd2626,4,#EEC900
31181,1,0,0,3,#43cd80,4,#EEC900
31241,1,0,0,3,#43cd80,5,#EEAD0E
31246,1,0,0,1,#cd2626,1,#FF3030
31247,1,0,0,3,#43cd80,18,#FF6A6A
31248,1,0,0,3,#43cd80,5,#EEAD0E
31249,1,0,0,3,#43cd80,3,#EE7600
31251,1,0,0,2,#eead0e,14,#9F79EE
31252,1,0,0,2,#eead0e,18,#FF6A6A
31253,1,0,0,4,#6ca6cd,1,#FF3030
31254,1,0,0,1,#cd2626,18,#FF6A6A
31255,1,0,0,2,#eead0e,18,#FF6A6A
31256,1,0,0,3,#43cd80,3,#EE7600
31257,1,0,0,1,#cd2626,1,#FF3030
31259,1,0,0,3,#43cd80,5,#EEAD0E
31260,1,0,0,1,#cd2626,17,#EE799F
31261,1,0,0,1,#cd2626,17,#EE799F
31262,1,0,0,1,#cd2626,18,#FF6A6A
31263,1,0,0,1,#cd2626,18,#FF6A6A
31264,1,0,0,3,#43cd80,17,#EE799F
31266,1,0,0,1,#cd2626,6,#EEDC82
31267,1,0,0,5,#b452cd,8,#43CD80
31268,1,0,1,3,#43cd80,5,#EEAD0E
31269,1,0,1,3,#43cd80,5,#EEAD0E
31270,1,0,0,1,#cd2626,18,#FF6A6A
31271,1,0,0,3,#43cd80,3,#EE7600
31273,1,0,0,3,#43cd80,5,#EEAD0E
31274,1,0,0,1,#cd2626,5,#EEAD0E
31275,1,0,0,1,#cd2626,6,#EEDC82
31276,1,0,0,1,#cd2626,6,#EEDC82
31283,1,0,0,5,#b452cd,8,#43CD80
31284,1,0,1,5,#b452cd,8,#43CD80
31285,1,0,0,5,#b452cd,8,#43CD80
31292,1,0,0,5,#b452cd,8,#43CD80
31293,1,0,0,5,#b452cd,8,#43CD80
31420,1,0,0,1,#cd2626,16,#FF3E96
31421,1,0,0,1,#cd2626,16,#FF3E96
31456,1,0,0,1,#cd2626,16,#FF3E96
31457,1,0,0,1,#cd2626,16,#FF3E96
31458,1,0,0,1,#cd2626,16,#FF3E96
31459,1,0,0,1,#cd2626,16,#FF3E96
31460,1,0,0,1,#cd2626,4,#EEC900
31461,1,0,0,1,#cd2626,16,#FF3E96
31510,1,0,0,2,#eead0e,15,#B452CD
31541,1,0,0,1,#cd2626,4,#EEC900
31542,1,0,0,1,#cd2626,4,#EEC900
31600,1,0,0,3,#43cd80,5,#EEAD0E
31601,1,0,0,3,#43cd80,5,#EEAD0E
31602,1,0,0,2,#eead0e,1,#FF3030
31605,1,0,0,1,#cd2626,18,#FF6A6A
31606,1,0,0,3,#43cd80,3,#EE7600
31607,1,0,0,1,#cd2626,18,#FF6A6A
31608,1,0,0,3,#43cd80,5,#EEAD0E
31609,1,0,0,3,#43cd80,3,#EE7600
31611,1,0,0,1,#cd2626,1,#FF3030
31612,1,0,0,2,#eead0e,1,#FF3030
31613,1,0,0,2,#eead0e,18,#FF6A6A
31614,1,0,0,2,#eead0e,18,#FF6A6A
31617,1,0,0,4,#6ca6cd,1,#FF3030
31619,1,0,0,3,#43cd80,5,#EEAD0E
31620,1,0,0,3,#43cd80,3,#EE7600
31621,1,0,0,2,#eead0e,18,#FF6A6A
31622,1,0,0,1,#cd2626,18,#FF6A6A
31623,1,0,0,3,#43cd80,1,#FF3030
31624,1,0,0,3,#43cd80,3,#EE7600
31625,1,0,0,3,#43cd80,3,#EE7600
31626,1,0,1,3,#43cd80,5,#EEAD0E
31627,1,0,1,3,#43cd80,3,#EE7600
31628,1,0,0,3,#43cd80,3,#EE7600
31629,1,0,0,1,#cd2626,6,#EEDC82
31630,1,0,0,3,#43cd80,3,#EE7600
31631,1,0,0,3,#43cd80,3,#EE7600
31633,1,0,0,1,#cd2626,5,#EEAD0E
31634,1,0,0,1,#cd2626,6,#EEDC82
31635,1,0,1,1,#cd2626,5,#EEAD0E
31636,1,0,0,1,#cd2626,6,#EEDC82
31637,1,0,0,1,#cd2626,6,#EEDC82
31638,1,0,0,3,#43cd80,3,#EE7600
31640,1,0,0,3,#43cd80,3,#EE7600
31641,1,0,0,3,#43cd80,5,#EEAD0E
31643,1,0,0,1,#cd2626,6,#EEDC82
31647,1,0,0,5,#b452cd,8,#43CD80
31648,1,0,0,5,#b452cd,8,#43CD80
31651,1,0,1,5,#b452cd,8,#43CD80
31652,1,0,1,5,#b452cd,8,#43CD80
31653,1,0,0,5,#b452cd,8,#43CD80
31769,1,0,0,1,#cd2626,4,#EEC900
31812,1,0,0,2,#eead0e,15,#B452CD
31814,1,0,0,1,#cd2626,6,#EEDC82
31815,1,0,0,1,#cd2626,16,#FF3E96
31816,1,0,0,1,#cd2626,16,#FF3E96
31869,1,0,0,2,#eead0e,15,#B452CD
31870,1,0,0,2,#eead0e,15,#B452CD
31901,1,0,0,1,#cd2626,4,#EEC900
31902,1,0,0,1,#cd2626,4,#EEC900
31959,1,0,0,1,#cd2626,5,#EEAD0E
31960,1,0,0,3,#43cd80,5,#EEAD0E
31961,1,0,0,1,#cd2626,18,#FF6A6A
31964,1,0,0,2,#eead0e,17,#EE799F
31965,1,0,0,1,#cd2626,18,#FF6A6A
31966,1,0,0,1,#cd2626,18,#FF6A6A
31969,1,0,0,3,#43cd80,3,#EE7600
31970,1,0,0,1,#cd2626,18,#FF6A6A
31971,1,0,0,1,#cd2626,18,#FF6A6A
31977,1,0,0,4,#6ca6cd,1,#FF3030
31980,1,0,0,3,#43cd80,1,#FF3030
31981,1,0,0,3,#43cd80,1,#FF3030
31982,1,0,0,1,#cd2626,18,#FF6A6A
31983,1,0,0,1,#cd2626,18,#FF6A6A
31984,1,0,0,3,#43cd80,3,#EE7600
31985,1,0,0,3,#43cd80,3,#EE7600
31986,1,0,1,3,#43cd80,3,#EE7600
31987,1,0,1,3,#43cd80,3,#EE7600
31988,1,0,0,3,#43cd80,3,#EE7600
31989,1,0,0,3,#43cd80,3,#EE7600
31990,1,0,0,3,#43cd80,3,#EE7600
31991,1,0,0,3,#43cd80,3,#EE7600
31992,1,0,1,3,#43cd80,5,#EEAD0E
31993,1,0,0,1,#cd2626,6,#EEDC82
31995,1,0,0,3,#43cd80,6,#EEDC82
31996,1,0,0,1,#cd2626,18,#FF6A6A
31997,1,0,0,3,#43cd80,6,#EEDC82
31998,1,0,0,1,#cd2626,6,#EEDC82
31999,1,0,0,3,#43cd80,2,#CD2626
32007,1,0,0,5,#b452cd,8,#43CD80
32008,1,0,0,5,#b452cd,8,#43CD80
32010,1,0,0,5,#b452cd,8,#43CD80
32129,1,0,0,1,#cd2626,4,#EEC900
32130,1,0,0,1,#cd2626,4,#EEC900
32140,1,0,0,1,#cd2626,13,#EEAEEE
32170,1,0,0,2,#eead0e,15,#B452CD
32171,1,0,0,3,#43cd80,15,#B452CD
32172,1,0,0,1,#cd2626,15,#B452CD
32173,1,0,0,1,#cd2626,18,#FF6A6A
32174,1,0,0,1,#cd2626,5,#EEAD0E
32229,1,0,0,2,#eead0e,15,#B452CD
32230,1,0,0,2,#eead0e,15,#B452CD
32262,1,0,0,1,#cd2626,4,#EEC900
32263,1,0,0,1,#cd2626,4,#EEC900
32319,1,0,0,1,#cd2626,5,#EEAD0E
32320,1,0,0,2,#eead0e,17,#EE799F
32324,1,0,0,2,#eead0e,18,#FF6A6A
32325,1,0,0,1,#cd2626,18,#FF6A6A
32330,1,0,0,4,#6ca6cd,1,#FF3030
32337,1,0,0,4,#6ca6cd,1,#FF3030
32338,1,0,0,2,#eead0e,1,#FF3030
32340,1,0,0,3,#43cd80,5,#EEAD0E
32341,1,0,0,3,#43cd80,5,#EEAD0E
32342,1,0,0,3,#43cd80,5,#EEAD0E
32343,1,0,0,3,#43cd80,3,#EE7600
32344,1,0,0,3,#43cd80,3,#EE7600
32348,1,0,0,3,#43cd80,3,#EE7600
32349,1,0,0,3,#43cd80,3,#EE7600
32350,1,0,0,3,#43cd80,3,#EE7600
32351,1,0,1,3,#43cd80,3,#EE7600
32352,1,0,1,3,#43cd80,5,#EEAD0E
32355,1,0,0,3,#43cd80,5,#EEAD0E
32356,1,0,0,1,#cd2626,6,#EEDC82
32489,1,0,0,4,#6ca6cd,1,#FF3030
32500,1,0,0,1,#cd2626,16,#FF3E96
32501,1,0,0,1,#cd2626,16,#FF3E96
32530,1,0,0,1,#cd2626,18,#FF6A6A
32531,1,0,0,1,#cd2626,15,#B452CD
32587,1,0,0,2,#eead0e,15,#B452CD
32590,1,0,0,2,#eead0e,15,#B452CD
32678,1,0,0,1,#cd2626,18,#FF6A6A
32679,1,0,0,2,#eead0e,18,#FF6A6A
32680,1,0,0,1,#cd2626,18,#FF6A6A
32683,1,0,0,2,#eead0e,18,#FF6A6A
32684,1,0,1,2,#eead0e,14,#9F79EE
32685,1,0,1,2,#eead0e,14,#9F79EE
32688,1,0,0,3,#43cd80,3,#EE7600
32689,1,0,0,2,#eead0e,14,#9F79EE
32690,1,0,0,2,#eead0e,12,#6959CD
32698,1,0,0,4,#6ca6cd,1,#FF3030
32699,1,0,0,3,#43cd80,1,#FF3030
32700,1,0,0,3,#43cd80,3,#EE7600
32701,1,0,0,3,#43cd80,3,#EE7600
32702,1,0,0,3,#43cd80,3,#EE7600
32703,1,0,0,3,#43cd80,3,#EE7600
32704,1,0,0,3,#43cd80,3,#EE7600
32705,1,0,0,3,#43cd80,3,#EE7600
32708,1,0,1,3,#43cd80,3,#EE7600
32709,1,0,0,3,#43cd80,3,#EE7600
32710,1,0,0,5,#b452cd,6,#EEDC82
32861,1,0,0,1,#cd2626,16,#FF3E96
32862,1,0,0,1,#cd2626,4,#EEC900
32890,1,0,0,4,#6ca6cd,13,#EEAEEE
32891,1,0,0,4,#6ca6cd,13,#EEAEEE
32950,1,0,0,1,#cd2626,15,#B452CD
33038,1,0,0,3,#43cd80,18,#FF6A6A
33039,1,0,1,1,#cd2626,18,#FF6A6A
33042,1,0,0,1,#cd2626,18,#FF6A6A
33043,1,0,0,2,#eead0e,18,#FF6A6A
33044,1,0,1,2,#eead0e,14,#9F79EE
33045,1,0,1,2,#eead0e,14,#9F79EE
33049,1,0,0,2,#eead0e,14,#9F79EE
33050,1,0,0,4,#6ca6cd,1,#FF3030
33051,1,0,0,4,#6ca6cd,1,#FF3030
33052,1,0,0,4,#6ca6cd,1,#FF3030
33058,1,0,0,1,#cd2626,1,#FF3030
33059,1,0,0,3,#43cd80,3,#EE7600
33061,1,0,0,3,#43cd80,5,#EEAD0E
33062,1,0,0,3,#43cd80,3,#EE7600
33063,1,0,0,3,#43cd80,3,#EE7600
33065,1,0,1,3,#43cd80,3,#EE7600
33066,1,0,1,3,#43cd80,3,#EE7600
33068,1,0,1,3,#43cd80,3,#EE7600
33069,1,0,0,3,#43cd80,3,#EE7600
33222,1,0,0,5,#b452cd,4,#EEC900
33223,1,0,0,5,#b452cd,4,#EEC900
33249,1,0,0,2,#eead0e,15,#B452CD
33250,1,0,0,4,#6ca6cd,11,#4876FF
33310,1,0,0,2,#eead0e,15,#B452CD
33396,1,0,0,3,#43cd80,5,#EEAD0E
33397,1,0,0,3,#43cd80,4,#EEC900
33398,1,0,0,3,#43cd80,5,#EEAD0E
33400,1,0,0,4,#6ca6cd,1,#FF3030
33401,1,0,0,4,#6ca6cd,1,#FF3030
33402,1,0,1,2,#eead0e,14,#9F79EE
33403,1,0,1,2,#eead0e,14,#9F79EE
33404,1,0,0,1,#cd2626,18,#FF6A6A
33406,1,0,0,3,#43cd80,3,#EE7600
33407,1,0,0,1,#cd2626,18,#FF6A6A
33409,1,0,0,3,#43cd80,5,#EEAD0E
33410,1,0,0,3,#43cd80,3,#EE7600
33412,1,0,0,4,#6ca6cd,11,#4876FF
33413,1,0,0,2,#eead0e,17,#EE799F
33418,1,0,0,4,#6ca6cd,1,#FF3030
33419,1,0,0,3,#43cd80,3,#EE7600
33426,1,0,1,3,#43cd80,2,#CD2626
33428,1,0,0,3,#43cd80,3,#EE7600
33429,1,0,0,3,#43cd80,3,#EE7600
33583,1,0,0,5,#b452cd,4,#EEC900
33609,1,0,0,1,#cd2626,6,#EEDC82
33610,1,0,0,2,#eead0e,15,#B452CD
33670,1,0,0,2,#eead0e,15,#B452CD
33759,1,0,0,3,#43cd80,3,#EE7600
33760,1,0,0,4,#6ca6cd,1,#FF3030
33761,1,0,0,2,#eead0e,17,#EE799F
33762,1,0,0,2,#eead0e,17,#EE799F
33764,1,0,0,4,#6ca6cd,1,#FF3030
33766,1,0,0,1,#cd2626,18,#FF6A6A
33767,1,0,0,1,#cd2626,18,#FF6A6A
33768,1,0,0,3,#43cd80,18,#FF6A6A
33769,1,0,0,1,#cd2626,18,#FF6A6A
33774,1,0,0,2,#eead0e,18,#FF6A6A
33778,1,0,0,4,#6ca6cd,1,#FF3030
33786,1,0,0,3,#43cd80,3,#EE7600
33943,1,0,0,5,#b452cd,4,#EEC900
33968,1,0,0,1,#cd2626,5,#EEAD0E
33969,1,0,0,1,#cd2626,6,#EEDC82
34011,1,0,0,2,#eead0e,15,#B452CD
34012,1,0,0,2,#eead0e,15,#B452CD
34013,1,0,0,2,#eead0e,15,#B452CD
34014,1,0,0,2,#eead0e,15,#B452CD
34015,1,0,0,2,#eead0e,15,#B452CD
34018,1,0,1,2,#eead0e,15,#B452CD
34019,1,0,1,2,#eead0e,15,#B452CD
34026,1,0,1,2,#eead0e,15,#B452CD
34027,1,0,1,2,#eead0e,15,#B452CD
34028,1,0,1,2,#eead0e,15,#B452CD
34029,1,0,0,2,#eead0e,15,#B452CD
34030,1,0,0,2,#eead0e,15,#B452CD
34118,1,0,0,3,#43cd80,14,#9F79EE
34119,1,0,0,3,#43cd80,14,#9F79EE
34121,1,0,0,2,#eead0e,1,#FF3030
34124,1,0,0,2,#eead0e,17,#EE799F
34128,1,0,0,3,#43cd80,3,#EE7600
34129,1,0,0,3,#43cd80,17,#EE799F
34135,1,0,0,2,#eead0e,18,#FF6A6A
34136,1,0,0,1,#cd2626,18,#FF6A6A
34138,1,0,0,4,#6ca6cd,1,#FF3030
34139,1,0,0,3,#43cd80,3,#EE7600
34148,1,0,0,1,#cd2626,18,#FF6A6A
34303,1,0,0,5,#b452cd,7,#98FB98
34323,1,0,0,1,#cd2626,16,#FF3E96
34324,1,0,0,3,#43cd80,4,#EEC900
34325,1,0,0,3,#43cd80,5,#EEAD0E
34326,1,0,0,3,#43cd80,5,#EEAD0E
34327,1,0,0,5,#b452cd,6,#EEDC82
34328,1,0,0,3,#43cd80,3,#EE7600
34370,1,0,0,2,#eead0e,15,#B452CD
34371,1,0,0,2,#eead0e,15,#B452CD
34372,1,0,0,2,#eead0e,15,#B452CD
34375,1,0,0,2,#eead0e,15,#B452CD
34376,1,0,0,2,#eead0e,15,#B452CD
34377,1,0,0,2,#eead0e,15,#B452CD
34378,1,0,0,2,#eead0e,15,#B452CD
34379,1,0,1,2,#eead0e,15,#B452CD
34380,1,0,1,2,#eead0e,15,#B452CD
34381,1,0,1,2,#eead0e,15,#B452CD
34385,1,0,1,2,#eead0e,15,#B452CD
34386,1,0,1,2,#eead0e,15,#B452CD
34389,1,0,0,2,#eead0e,15,#B452CD
34461,1,0,1,1,#cd2626,4,#EEC900
34478,1,0,0,3,#43cd80,3,#EE7600
34481,1,0,0,2,#eead0e,14,#9F79EE
34483,1,0,0,3,#43cd80,3,#EE7600
34484,1,0,0,3,#43cd80,3,#EE7600
34496,1,0,0,2,#eead0e,18,#FF6A6A
34497,1,0,0,3,#43cd80,17,#EE799F
34498,1,0,0,4,#6ca6cd,1,#FF3030
34499,1,0,0,1,#cd2626,1,#FF3030
34500,1,0,0,3,#43cd80,3,#EE7600
34501,1,0,0,3,#43cd80,3,#EE7600
34502,1,0,0,3,#43cd80,3,#EE7600
34663,1,0,0,5,#b452cd,7,#98FB98
34682,1,0,0,1,#cd2626,6,#EEDC82
34683,1,0,0,1,#cd2626,5,#EEAD0E
34684,1,0,0,1,#cd2626,4,#EEC900
34685,1,0,0,3,#43cd80,7,#98FB98
34729,1,0,0,2,#eead0e,15,#B452CD
34730,1,0,0,2,#eead0e,15,#B452CD
34742,1,0,1,2,#eead0e,15,#B452CD
34743,1,0,1,2,#eead0e,15,#B452CD
34744,1,0,1,2,#eead0e,15,#B452CD
34745,1,0,1,2,#eead0e,15,#B452CD
34746,1,0,0,2,#eead0e,15,#B452CD
34820,1,0,1,1,#cd2626,5,#EEAD0E
34821,1,0,1,1,#cd2626,4,#EEC900
34822,1,0,0,1,#cd2626,18,#FF6A6A
34840,1,0,0,2,#eead0e,18,#FF6A6A
34841,1,0,1,2,#eead0e,14,#9F79EE
34842,1,0,1,2,#eead0e,14,#9F79EE
34843,1,0,0,3,#43cd80,3,#EE7600
34857,1,0,0,1,#cd2626,18,#FF6A6A
34858,1,0,0,1,#cd2626,18,#FF6A6A
34859,1,0,1,1,#cd2626,1,#FF3030
34861,1,0,0,3,#43cd80,18,#FF6A6A
34862,1,0,1,3,#43cd80,3,#EE7600
34863,1,0,1,3,#43cd80,3,#EE7600
34865,1,0,0,3,#43cd80,5,#EEAD0E
34867,1,0,0,1,#cd2626,6,#EEDC82
34875,1,0,0,5,#b452cd,3,#EE7600
34899,1,0,0,5,#b452cd,6,#EEDC82
35019,1,0,0,1,#cd2626,7,#98FB98
35020,1,0,0,1,#cd2626,4,#EEC900
35022,1,0,0,1,#cd2626,4,#EEC900
35023,1,0,0,5,#b452cd,7,#98FB98
35024,1,0,0,1,#cd2626,16,#FF3E96
35041,1,0,0,5,#b452cd,6,#EEDC82
35042,1,0,0,5,#b452cd,5,#EEAD0E
35088,1,0,1,2,#eead0e,15,#B452CD
35089,1,0,0,2,#eead0e,15,#B452CD
35180,1,0,1,1,#cd2626,16,#FF3E96
35182,1,0,0,3,#43cd80,4,#EEC900
35199,1,0,1,2,#eead0e,14,#9F79EE
35200,1,0,1,2,#eead0e,14,#9F79EE
35201,1,0,0,2,#eead0e,17,#EE799F
35217,1,0,0,1,#cd2626,18,#FF6A6A
35218,1,0,0,1,#cd2626,18,#FF6A6A
35223,1,0,1,3,#43cd80,3,#EE7600
35224,1,0,0,3,#43cd80,5,#EEAD0E
35225,1,0,0,3,#43cd80,3,#EE7600
35227,1,0,0,3,#43cd80,3,#EE7600
35235,1,0,1,5,#b452cd,3,#EE7600
35252,1,0,1,3,#43cd80,5,#EEAD0E
35259,1,0,0,5,#b452cd,6,#EEDC82
35377,1,0,0,1,#cd2626,16,#FF3E96
35378,1,0,1,1,#cd2626,16,#FF3E96
35379,1,0,1,1,#cd2626,13,#EEAEEE
35380,1,0,0,1,#cd2626,4,#EEC900
35381,1,0,0,1,#cd2626,6,#EEDC82
35382,1,0,0,1,#cd2626,6,#EEDC82
35383,1,0,1,1,#cd2626,6,#EEDC82
35384,1,0,0,1,#cd2626,13,#EEAEEE
35400,1,0,0,1,#cd2626,5,#EEAD0E
35401,1,0,0,1,#cd2626,5,#EEAD0E
35447,1,0,1,2,#eead0e,15,#B452CD
35448,1,0,1,2,#eead0e,15,#B452CD
35540,1,0,1,1,#cd2626,16,#FF3E96
35541,1,0,1,1,#cd2626,5,#EEAD0E
35542,1,0,0,1,#cd2626,5,#EEAD0E
35559,1,0,1,2,#eead0e,18,#FF6A6A
35560,1,0,0,3,#43cd80,17,#EE799F
35561,1,0,0,2,#eead0e,17,#EE799F
35565,1,0,0,2,#eead0e,14,#9F79EE
35566,1,0,0,2,#eead0e,14,#9F79EE
35577,1,0,0,1,#cd2626,18,#FF6A6A
35578,1,0,0,1,#cd2626,18,#FF6A6A
35579,1,0,0,1,#cd2626,18,#FF6A6A
35583,1,0,0,3,#43cd80,3,#EE7600
35584,1,0,0,3,#43cd80,5,#EEAD0E
35585,1,0,0,1,#cd2626,18,#FF6A6A
35586,1,0,0,1,#cd2626,18,#FF6A6A
35587,1,0,0,3,#43cd80,5,#EEAD0E
35595,1,0,1,5,#b452cd,8,#43CD80
35735,1,0,0,1,#cd2626,13,#EEAEEE
35736,1,0,0,1,#cd2626,16,#FF3E96
35737,1,0,0,1,#cd2626,16,#FF3E96
35738,1,0,1,1,#cd2626,6,#EEDC82
35739,1,0,1,1,#cd2626,6,#EEDC82
35741,1,0,0,3,#43cd80,5,#EEAD0E
35742,1,0,0,5,#b452cd,6,#EEDC82
35743,1,0,0,1,#cd2626,6,#EEDC82
35744,1,0,1,1,#cd2626,6,#EEDC82
35745,1,0,1,5,#b452cd,8,#43CD80
35748,1,0,0,2,#eead0e,18,#FF6A6A
35749,1,0,0,4,#6ca6cd,11,#4876FF
35758,1,0,0,1,#cd2626,5,#EEAD0E
35759,1,0,0,1,#cd2626,5,#EEAD0E
35760,1,0,0,1,#cd2626,5,#EEAD0E
35806,1,0,1,2,#eead0e,15,#B452CD
35807,1,0,1,2,#eead0e,15,#B452CD
35899,1,0,1,2,#eead0e,16,#FF3E96
35900,1,0,1,2,#eead0e,14,#9F79EE
35901,1,0,1,2,#eead0e,14,#9F79EE
35919,1,0,1,2,#eead0e,14,#9F79EE
35920,1,0,1,2,#eead0e,14,#9F79EE
35925,1,0,0,2,#eead0e,14,#9F79EE
35926,1,0,0,2,#eead0e,14,#9F79EE
35927,1,0,0,2,#eead0e,14,#9F79EE
35938,1,0,0,1,#cd2626,18,#FF6A6A
35939,1,0,0,1,#cd2626,18,#FF6A6A
35940,1,0,0,2,#eead0e,15,#B452CD
35943,1,0,0,3,#43cd80,5,#EEAD0E
35944,1,0,1,3,#43cd80,5,#EEAD0E
35945,1,0,1,3,#43cd80,5,#EEAD0E
35946,1,0,1,1,#cd2626,18,#FF6A6A
35947,1,0,1,1,#cd2626,5,#EEAD0E
35959,1,0,0,3,#43cd80,3,#EE7600
36095,1,0,0,1,#cd2626,13,#EEAEEE
36096,1,0,0,1,#cd2626,16,#FF3E96
36105,1,0,1,1,#cd2626,6,#EEDC82
36106,1,0,0,1,#cd2626,16,#FF3E96
36108,1,0,0,4,#6ca6cd,11,#4876FF
36109,1,0,0,1,#cd2626,5,#EEAD0E
36112,1,0,1,1,#cd2626,5,#EEAD0E
36113,1,0,0,3,#43cd80,5,#EEAD0E
36114,1,0,0,1,#cd2626,5,#EEAD0E
36115,1,0,0,1,#cd2626,5,#EEAD0E
36116,1,0,1,3,#43cd80,3,#EE7600
36117,1,0,1,1,#cd2626,5,#EEAD0E
36118,1,0,0,1,#cd2626,18,#FF6A6A
36119,1,0,0,1,#cd2626,5,#EEAD0E
36165,1,0,1,2,#eead0e,15,#B452CD
36166,1,0,1,2,#eead0e,15,#B452CD
36167,1,0,0,2,#eead0e,15,#B452CD
36226,1,0,0,4,#6ca6cd,1,#FF3030
36260,1,0,0,2,#eead0e,16,#FF3E96
36273,1,0,1,3,#43cd80,5,#EEAD0E
36278,1,0,0,1,#cd2626,18,#FF6A6A
36279,1,0,1,2,#eead0e,14,#9F79EE
36280,1,0,0,1,#cd2626,18,#FF6A6A
36284,1,0,0,2,#eead0e,14,#9F79EE
36285,1,0,0,2,#eead0e,14,#9F79EE
36287,1,0,0,2,#eead0e,12,#6959CD
36288,1,0,0,2,#eead0e,12,#6959CD
36299,1,0,0,1,#cd2626,18,#FF6A6A
36300,1,0,1,1,#cd2626,18,#FF6A6A
36301,1,0,1,3,#43cd80,5,#EEAD0E
36302,1,0,0,3,#43cd80,17,#EE799F
36303,1,0,0,3,#43cd80,5,#EEAD0E
36304,1,0,1,3,#43cd80,17,#EE799F
36305,1,0,0,3,#43cd80,17,#EE799F
36306,1,0,1,1,#cd2626,5,#EEAD0E
36307,1,0,0,1,#cd2626,6,#EEDC82
36454,1,0,0,1,#cd2626,4,#EEC900
36455,1,0,0,1,#cd2626,4,#EEC900
36457,1,0,0,1,#cd2626,6,#EEDC82
36466,1,0,1,5,#b452cd,8,#43CD80
36467,1,0,1,5,#b452cd,8,#43CD80
36468,1,0,1,1,#cd2626,6,#EEDC82
36469,1,0,1,1,#cd2626,2,#CD2626
36470,1,0,0,1,#cd2626,18,#FF6A6A
36471,1,0,0,1,#cd2626,13,#EEAEEE
36472,1,0,0,1,#cd2626,5,#EEAD0E
36476,1,0,1,3,#43cd80,3,#EE7600
36479,1,0,1,3,#43cd80,5,#EEAD0E
36480,1,0,1,3,#43cd80,3,#EE7600
36524,1,0,1,2,#eead0e,15,#B452CD
36525,1,0,1,2,#eead0e,15,#B452CD
36526,1,0,1,2,#eead0e,15,#B452CD
36584,1,0,0,4,#6ca6cd,1,#FF3030
36591,1,0,0,4,#6ca6cd,1,#FF3030
36592,1,0,0,2,#eead0e,1,#FF3030
36620,1,0,0,1,#cd2626,17,#EE799F
36633,1,0,1,3,#43cd80,5,#EEAD0E
36634,1,0,1,3,#43cd80,5,#EEAD0E
36639,1,0,0,1,#cd2626,18,#FF6A6A
36640,1,0,0,2,#eead0e,14,#9F79EE
36643,1,0,0,2,#eead0e,14,#9F79EE
36644,1,0,0,2,#eead0e,14,#9F79EE
36650,1,0,0,2,#eead0e,17,#EE799F
36660,1,0,1,1,#cd2626,18,#FF6A6A
36661,1,0,0,1,#cd2626,18,#FF6A6A
36662,1,0,0,3,#43cd80,3,#EE7600
36663,1,0,0,1,#cd2626,17,#EE799F
36664,1,0,0,1,#cd2626,18,#FF6A6A
36665,1,0,0,1,#cd2626,18,#FF6A6A
36666,1,0,0,1,#cd2626,18,#FF6A6A
36813,1,0,0,1,#cd2626,13,#EEAEEE
36814,1,0,0,1,#cd2626,16,#FF3E96
36817,1,0,1,1,#cd2626,6,#EEDC82
36819,1,0,1,4,#6ca6cd,10,#6CA6CD
36828,1,0,1,1,#cd2626,16,#FF3E96
36829,1,0,1,1,#cd2626,2,#CD2626
36830,1,0,1,1,#cd2626,17,#EE799F
36831,1,0,1,3,#43cd80,5,#EEAD0E
36832,1,0,1,5,#b452cd,8,#43CD80
36839,1,0,1,3,#43cd80,3,#EE7600
36884,1,0,1,2,#eead0e,15,#B452CD
36885,1,0,0,2,#eead0e,13,#EEAEEE
36886,1,0,0,2,#eead0e,15,#B452CD
36943,1,0,0,4,#6ca6cd,1,#FF3030
36944,1,0,1,4,#6ca6cd,1,#FF3030
36954,1,0,0,2,#eead0e,18,#FF6A6A
36955,1,0,0,4,#6ca6cd,1,#FF3030
36993,1,0,1,3,#43cd80,5,#EEAD0E
36994,1,0,1,3,#43cd80,5,#EEAD0E
36998,1,0,0,1,#cd2626,18,#FF6A6A
36999,1,0,0,1,#cd2626,18,#FF6A6A
37000,1,0,0,3,#43cd80,5,#EEAD0E
37001,1,0,0,2,#eead0e,14,#9F79EE
37002,1,0,1,2,#eead0e,14,#9F79EE
37003,1,0,0,2,#eead0e,14,#9F79EE
37020,1,0,0,1,#cd2626,18,#FF6A6A
37021,1,0,0,1,#cd2626,18,#FF6A6A
37022,1,0,0,1,#cd2626,18,#FF6A6A
37023,1,0,0,1,#cd2626,5,#EEAD0E
37024,1,0,1,1,#cd2626,18,#FF6A6A
37025,1,0,1,1,#cd2626,18,#FF6A6A
37026,1,0,0,3,#43cd80,5,#EEAD0E
37169,1,0,0,1,#cd2626,16,#FF3E96
37170,1,0,0,1,#cd2626,13,#EEAEEE
37171,1,0,0,1,#cd2626,13,#EEAEEE
37172,1,0,0,1,#cd2626,13,#EEAEEE
37173,1,0,0,1,#cd2626,13,#EEAEEE
37177,1,0,1,1,#cd2626,6,#EEDC82
37179,1,0,1,4,#6ca6cd,10,#6CA6CD
37199,1,0,1,3,#43cd80,5,#EEAD0E
37200,1,0,1,3,#43cd80,3,#EE7600
37201,1,0,1,3,#43cd80,3,#EE7600
37244,1,0,0,2,#eead0e,15,#B452CD
37245,1,0,0,2,#eead0e,15,#B452CD
37303,1,0,0,4,#6ca6cd,1,#FF3030
37304,1,0,1,4,#6ca6cd,11,#4876FF
37353,1,0,1,3,#43cd80,5,#EEAD0E
37354,1,0,1,3,#43cd80,5,#EEAD0E
37359,1,0,1,2,#eead0e,14,#9F79EE
37360,1,0,0,3,#43cd80,5,#EEAD0E
37361,1,0,0,2,#eead0e,5,#EEAD0E
37362,1,0,0,1,#cd2626,5,#EEAD0E
37370,1,0,0,2,#eead0e,17,#EE799F
37381,1,0,1,1,#cd2626,18,#FF6A6A
37382,1,0,1,1,#cd2626,18,#FF6A6A
37383,1,0,1,1,#cd2626,18,#FF6A6A
37384,1,0,1,1,#cd2626,18,#FF6A6A
37385,1,0,1,1,#cd2626,18,#FF6A6A
37528,1,0,0,1,#cd2626,16,#FF3E96
37529,1,0,0,1,#cd2626,13,#EEAEEE
37537,1,0,1,1,#cd2626,6,#EEDC82
37538,1,0,0,4,#6ca6cd,10,#6CA6CD
37559,1,0,1,1,#cd2626,6,#EEDC82
37560,1,0,1,1,#cd2626,6,#EEDC82
37604,1,0,1,2,#eead0e,17,#EE799F
37661,1,0,1,1,#cd2626,18,#FF6A6A
37663,1,0,1,2,#eead0e,14,#9F79EE
37718,1,0,0,2,#eead0e,18,#FF6A6A
37719,1,0,0,2,#eead0e,14,#9F79EE
37730,1,0,0,2,#eead0e,17,#EE799F
37741,1,0,1,2,#eead0e,17,#EE799F
37742,1,0,1,1,#cd2626,18,#FF6A6A
37743,1,0,1,1,#cd2626,18,#FF6A6A
37744,1,0,1,1,#cd2626,5,#EEAD0E
37745,1,0,0,1,#cd2626,18,#FF6A6A
37883,1,0,0,1,#cd2626,16,#FF3E96
37884,1,0,0,1,#cd2626,16,#FF3E96
37885,1,0,0,3,#43cd80,5,#EEAD0E
37887,1,0,0,1,#cd2626,16,#FF3E96
37888,1,0,0,1,#cd2626,16,#FF3E96
37892,1,0,1,4,#6ca6cd,11,#4876FF
37893,1,0,0,1,#cd2626,6,#EEDC82
37894,1,0,1,5,#b452cd,6,#EEDC82
37895,1,0,1,1,#cd2626,1,#FF3030
37896,1,0,1,1,#cd2626,6,#EEDC82
37897,1,0,1,1,#cd2626,6,#EEDC82
37919,1,0,1,1,#cd2626,1,#FF3030
37964,1,0,0,2,#eead0e,17,#EE799F
38020,1,0,0,1,#cd2626,18,#FF6A6A
38021,1,0,0,1,#cd2626,18,#FF6A6A
38023,1,0,1,4,#6ca6cd,11,#4876FF
38061,1,0,0,1,#cd2626,16,#FF3E96
38062,1,0,0,1,#cd2626,5,#EEAD0E
38075,1,0,0,2,#eead0e,14,#9F79EE
38076,1,0,0,2,#eead0e,14,#9F79EE
38078,1,0,0,2,#eead0e,14,#9F79EE
38100,1,0,0,1,#cd2626,18,#FF6A6A
38101,1,0,0,2,#eead0e,17,#EE799F
38102,1,0,1,1,#cd2626,18,#FF6A6A
38103,1,0,1,1,#cd2626,18,#FF6A6A
38240,1,0,0,1,#cd2626,16,#FF3E96
38241,1,0,0,1,#cd2626,16,#FF3E96
38242,1,0,0,1,#cd2626,16,#FF3E96
38243,1,0,0,1,#cd2626,16,#FF3E96
38245,1,0,0,3,#43cd80,5,#EEAD0E
38246,1,0,0,1,#cd2626,16,#FF3E96
38247,1,0,0,1,#cd2626,16,#FF3E96
38252,1,0,1,1,#cd2626,6,#EEDC82
38253,1,0,1,4,#6ca6cd,10,#6CA6CD
38254,1,0,1,1,#cd2626,6,#EEDC82
38255,1,0,1,1,#cd2626,6,#EEDC82
38279,1,0,1,1,#cd2626,18,#FF6A6A
38324,1,0,0,2,#eead0e,15,#B452CD
38380,1,0,0,1,#cd2626,18,#FF6A6A
38381,1,0,0,4,#6ca6cd,10,#6CA6CD
38382,1,0,0,4,#6ca6cd,11,#4876FF
38383,1,0,1,4,#6ca6cd,11,#4876FF
38422,1,0,0,2,#eead0e,14,#9F79EE
38423,1,0,0,2,#eead0e,5,#EEAD0E
38435,1,0,0,2,#eead0e,14,#9F79EE
38436,1,0,0,2,#eead0e,14,#9F79EE
38437,1,0,0,2,#eead0e,14,#9F79EE
38438,1,0,0,2,#eead0e,17,#EE799F
38448,1,0,0,2,#eead0e,17,#EE799F
38460,1,0,0,1,#cd2626,18,#FF6A6A
38461,1,0,0,2,#eead0e,17,#EE799F
38463,1,0,0,1,#cd2626,6,#EEDC82
38598,1,0,0,1,#cd2626,16,#FF3E96
38599,1,0,0,1,#cd2626,13,#EEAEEE
38600,1,0,0,1,#cd2626,16,#FF3E96
38612,1,0,1,1,#cd2626,13,#EEAEEE
38613,1,0,1,4,#6ca6cd,1,#FF3030
38623,1,0,0,2,#eead0e,13,#EEAEEE
38624,1,0,1,1,#cd2626,13,#EEAEEE
38629,1,0,0,1,#cd2626,6,#EEDC82
38633,1,1,1,3,#43cd80,3,#EE7600
38634,1,1,1,1,#cd2626,17,#EE799F
38635,1,1,1,1,#cd2626,17,#EE799F
38636,1,1,1,3,#43cd80,5,#EEAD0E
38638,1,0,1,1,#cd2626,17,#EE799F
38639,1,0,1,3,#43cd80,1,#FF3030
38739,1,0,0,2,#eead0e,18,#FF6A6A
38742,1,0,1,2,#eead0e,12,#6959CD
38743,1,0,1,4,#6ca6cd,12,#6959CD
38755,1,0,0,2,#eead0e,14,#9F79EE
38774,1,0,0,2,#eead0e,16,#FF3E96
38795,1,0,0,2,#eead0e,14,#9F79EE
38798,1,0,0,2,#eead0e,12,#6959CD
38807,1,0,1,2,#eead0e,14,#9F79EE
38821,1,0,0,2,#eead0e,17,#EE799F
38823,1,0,0,1,#cd2626,6,#EEDC82
38905,1,0,0,2,#eead0e,1,#FF3030
38956,1,0,0,1,#cd2626,16,#FF3E96
38957,1,0,0,1,#cd2626,16,#FF3E96
38958,1,0,0,1,#cd2626,13,#EEAEEE
38964,1,0,0,1,#cd2626,13,#EEAEEE
38965,1,0,1,1,#cd2626,18,#FF6A6A
38966,1,0,0,1,#cd2626,13,#EEAEEE
38967,1,0,0,1,#cd2626,18,#FF6A6A
38968,1,1,0,1,#cd2626,13,#EEAEEE
38969,1,1,1,1,#cd2626,13,#EEAEEE
38970,1,0,0,1,#cd2626,6,#EEDC82
38972,1,0,1,1,#cd2626,13,#EEAEEE
38973,1,0,1,4,#6ca6cd,1,#FF3030
38982,1,0,0,1,#cd2626,18,#FF6A6A
38983,1,0,0,2,#eead0e,13,#EEAEEE
38984,1,0,1,1,#cd2626,13,#EEAEEE
38986,1,0,0,1,#cd2626,6,#EEDC82
38987,1,0,1,1,#cd2626,6,#EEDC82
38988,1,0,1,1,#cd2626,18,#FF6A6A
38989,1,0,0,1,#cd2626,17,#EE799F
38990,1,0,1,1,#cd2626,18,#FF6A6A
38991,1,0,1,1,#cd2626,18,#FF6A6A
38992,1,0,0,1,#cd2626,18,#FF6A6A
38993,1,1,1,1,#cd2626,6,#EEDC82
38994,1,1,1,1,#cd2626,6,#EEDC82
38995,1,1,1,1,#cd2626,18,#FF6A6A
38996,1,1,1,1,#cd2626,6,#EEDC82
38997,1,0,1,1,#cd2626,18,#FF6A6A
39098,1,0,1,4,#6ca6cd,1,#FF3030
39099,1,0,1,4,#6ca6cd,11,#4876FF
39102,1,0,1,2,#eead0e,12,#6959CD
39133,1,0,0,1,#cd2626,4,#EEC900
39134,1,0,0,1,#cd2626,16,#FF3E96
39154,1,0,1,2,#eead0e,14,#9F79EE
39155,1,0,1,2,#eead0e,14,#9F79EE
39166,1,0,0,2,#eead0e,13,#EEAEEE
39167,1,0,0,1,#cd2626,18,#FF6A6A
39170,1,1,1,2,#eead0e,14,#9F79EE
39171,0,1,1,2,#eead0e,14,#9F79EE
39181,1,0,0,1,#cd2626,18,#FF6A6A
39182,1,0,0,3,#43cd80,5,#EEAD0E
39183,1,0,0,1,#cd2626,6,#EEDC82
39315,1,1,0,1,#cd2626,16,#FF3E96
39316,1,0,0,1,#cd2626,16,#FF3E96
39324,1,0,1,1,#cd2626,18,#FF6A6A
39325,1,0,1,1,#cd2626,13,#EEAEEE
39329,1,0,1,1,#cd2626,6,#EEDC82
39330,1,0,1,1,#cd2626,18,#FF6A6A
39333,1,0,1,1,#cd2626,13,#EEAEEE
39339,1,0,0,1,#cd2626,13,#EEAEEE
39340,1,0,1,4,#6ca6cd,10,#6CA6CD
39343,1,0,0,4,#6ca6cd,13,#EEAEEE
39344,1,0,0,2,#eead0e,12,#6959CD
39345,1,0,1,2,#eead0e,13,#EEAEEE
39346,1,0,0,2,#eead0e,18,#FF6A6A
39347,1,0,0,4,#6ca6cd,1,#FF3030
39348,1,0,1,4,#6ca6cd,13,#EEAEEE
39349,1,0,0,1,#cd2626,18,#FF6A6A
39350,1,0,0,1,#cd2626,18,#FF6A6A
39351,1,0,0,1,#cd2626,13,#EEAEEE
39352,1,0,0,1,#cd2626,18,#FF6A6A
39458,1,0,1,1,#cd2626,1,#FF3030
39461,1,0,1,2,#eead0e,11,#4876FF
39493,1,0,0,1,#cd2626,4,#EEC900
39494,1,0,0,1,#cd2626,4,#EEC900
39514,1,0,1,2,#eead0e,14,#9F79EE
39515,1,0,1,4,#6ca6cd,11,#4876FF
39526,1,0,0,5,#b452cd,13,#EEAEEE
39527,1,0,0,2,#eead0e,12,#6959CD
39529,1,1,0,2,#eead0e,14,#9F79EE
39530,1,1,1,2,#eead0e,12,#6959CD
39531,1,1,1,2,#eead0e,12,#6959CD
39542,1,0,0,1,#cd2626,17,#EE799F
39675,1,1,0,1,#cd2626,16,#FF3E96
39683,1,0,0,1,#cd2626,6,#EEDC82
39684,1,0,0,1,#cd2626,6,#EEDC82
39690,1,1,1,1,#cd2626,18,#FF6A6A
39693,1,0,1,1,#cd2626,6,#EEDC82
39694,1,0,1,1,#cd2626,6,#EEDC82
39701,1,0,1,4,#6ca6cd,1,#FF3030
39702,1,0,1,4,#6ca6cd,11,#4876FF
39703,1,0,0,4,#6ca6cd,11,#4876FF
39704,1,0,0,4,#6ca6cd,13,#EEAEEE
39705,1,0,0,4,#6ca6cd,13,#EEAEEE
39706,1,0,0,4,#6ca6cd,13,#EEAEEE
39707,1,0,0,2,#eead0e,18,#FF6A6A
39818,1,0,0,2,#eead0e,1,#FF3030
39820,1,0,1,4,#6ca6cd,11,#4876FF
39821,1,0,1,2,#eead0e,11,#4876FF
39851,1,0,0,1,#cd2626,4,#EEC900
39852,1,0,0,3,#43cd80,4,#EEC900
39853,1,0,0,3,#43cd80,4,#EEC900
39867,1,0,0,2,#eead0e,12,#6959CD
39868,1,0,0,2,#eead0e,12,#6959CD
39873,1,0,1,2,#eead0e,14,#9F79EE
39874,1,0,1,2,#eead0e,14,#9F79EE
39887,1,0,0,2,#eead0e,12,#6959CD
39888,1,0,0,2,#eead0e,12,#6959CD
39890,1,1,0,2,#eead0e,12,#6959CD
39891,1,1,1,2,#eead0e,12,#6959CD
39981,1,1,1,4,#6ca6cd,11,#4876FF
39982,1,1,1,4,#6ca6cd,11,#4876FF
39983,1,1,1,4,#6ca6cd,11,#4876FF
39984,1,1,0,4,#6ca6cd,11,#4876FF
40035,1,1,0,1,#cd2626,16,#FF3E96
40043,1,0,1,1,#cd2626,13,#EEAEEE
40050,1,0,1,1,#cd2626,6,#EEDC82
40051,1,0,1,1,#cd2626,13,#EEAEEE
40052,1,0,1,1,#cd2626,13,#EEAEEE
40053,1,0,1,1,#cd2626,13,#EEAEEE
40054,1,0,1,1,#cd2626,6,#EEDC82
40056,1,0,1,4,#6ca6cd,13,#EEAEEE
40057,1,0,1,4,#6ca6cd,13,#EEAEEE
40058,1,0,1,4,#6ca6cd,13,#EEAEEE
40059,1,0,1,4,#6ca6cd,1,#FF3030
40060,1,0,1,4,#6ca6cd,11,#4876FF
40061,1,0,1,4,#6ca6cd,13,#EEAEEE
40062,1,0,1,4,#6ca6cd,11,#4876FF
40063,1,0,1,4,#6ca6cd,13,#EEAEEE
40064,1,0,0,1,#cd2626,13,#EEAEEE
40065,1,0,0,4,#6ca6cd,13,#EEAEEE
40067,1,0,0,2,#eead0e,17,#EE799F
40068,1,0,1,4,#6ca6cd,11,#4876FF
40069,1,0,1,4,#6ca6cd,11,#4876FF
40177,1,0,0,4,#6ca6cd,11,#4876FF
40180,1,0,1,2,#eead0e,17,#EE799F
40210,1,0,0,2,#eead0e,4,#EEC900
40212,1,0,0,2,#eead0e,18,#FF6A6A
40213,1,0,0,3,#43cd80,4,#EEC900
40227,1,0,0,2,#eead0e,12,#6959CD
40228,1,0,0,2,#eead0e,12,#6959CD
40229,1,0,0,2,#eead0e,15,#B452CD
40230,1,0,0,2,#eead0e,15,#B452CD
40231,1,0,0,2,#eead0e,12,#6959CD
40232,1,0,0,2,#eead0e,12,#6959CD
40233,1,0,0,2,#eead0e,14,#9F79EE
40247,1,0,0,2,#eead0e,12,#6959CD
40248,1,1,0,2,#eead0e,12,#6959CD
40249,1,1,0,2,#eead0e,12,#6959CD
40250,1,1,0,2,#eead0e,12,#6959CD
40251,1,1,1,2,#eead0e,12,#6959CD
40252,1,1,0,2,#eead0e,12,#6959CD
40253,1,1,0,2,#eead0e,12,#6959CD
40394,1,0,0,1,#cd2626,16,#FF3E96
40395,1,1,0,1,#cd2626,16,#FF3E96
40402,1,0,0,1,#cd2626,13,#EEAEEE
40403,1,0,0,2,#eead0e,13,#EEAEEE
40416,1,0,1,4,#6ca6cd,13,#EEAEEE
40417,1,0,1,1,#cd2626,6,#EEDC82
40418,1,0,1,1,#cd2626,6,#EEDC82
40419,1,0,1,4,#6ca6cd,13,#EEAEEE
40420,1,0,1,4,#6ca6cd,13,#EEAEEE
40421,1,0,1,4,#6ca6cd,13,#EEAEEE
40422,1,0,1,4,#6ca6cd,11,#4876FF
40423,1,0,1,4,#6ca6cd,11,#4876FF
40426,1,0,0,4,#6ca6cd,11,#4876FF
40427,1,0,1,4,#6ca6cd,11,#4876FF
40428,1,0,1,4,#6ca6cd,13,#EEAEEE
40536,1,0,0,3,#43cd80,1,#FF3030
40537,1,0,0,2,#eead0e,11,#4876FF
40539,1,0,1,4,#6ca6cd,11,#4876FF
40540,1,0,1,4,#6ca6cd,11,#4876FF
40560,1,0,0,2,#eead0e,18,#FF6A6A
40570,1,0,0,3,#43cd80,4,#EEC900
40571,1,0,0,1,#cd2626,4,#EEC900
40573,1,0,0,3,#43cd80,4,#EEC900
40589,1,0,0,2,#eead0e,15,#B452CD
40590,1,0,0,2,#eead0e,12,#6959CD
40591,1,0,0,2,#eead0e,12,#6959CD
40592,1,0,0,2,#eead0e,12,#6959CD
40613,1,1,0,2,#eead0e,12,#6959CD
40614,1,1,0,2,#eead0e,12,#6959CD
40615,1,1,1,2,#eead0e,12,#6959CD
40753,1,1,0,1,#cd2626,16,#FF3E96
40754,1,1,0,1,#cd2626,16,#FF3E96
40763,1,1,0,1,#cd2626,13,#EEAEEE
40777,1,0,0,1,#cd2626,18,#FF6A6A
40778,1,0,0,1,#cd2626,6,#EEDC82
40779,1,0,1,1,#cd2626,13,#EEAEEE
40780,1,0,1,4,#6ca6cd,13,#EEAEEE
40781,1,0,1,1,#cd2626,13,#EEAEEE
40783,1,0,1,4,#6ca6cd,11,#4876FF
40784,1,0,0,4,#6ca6cd,11,#4876FF
40785,1,0,0,4,#6ca6cd,11,#4876FF
40786,1,0,1,4,#6ca6cd,13,#EEAEEE
40896,1,0,1,3,#43cd80,7,#98FB98
40899,1,0,1,4,#6ca6cd,11,#4876FF
40913,1,0,0,2,#eead0e,17,#EE799F
40919,1,0,0,1,#cd2626,18,#FF6A6A
40928,1,0,0,1,#cd2626,4,#EEC900
40929,1,0,0,1,#cd2626,4,#EEC900
40931,1,0,0,1,#cd2626,18,#FF6A6A
40978,1,1,0,2,#eead0e,12,#6959CD
40981,1,1,0,2,#eead0e,12,#6959CD
41108,1,0,0,1,#cd2626,16,#FF3E96
41109,1,0,0,1,#cd2626,16,#FF3E96
41110,1,0,0,1,#cd2626,16,#FF3E96
41112,1,1,0,1,#cd2626,16,#FF3E96
41113,1,1,0,1,#cd2626,16,#FF3E96
41138,1,1,1,4,#6ca6cd,10,#6CA6CD
41139,1,1,1,4,#6ca6cd,13,#EEAEEE
41140,1,1,1,1,#cd2626,18,#FF6A6A
41142,1,0,0,4,#6ca6cd,11,#4876FF
41143,1,0,1,4,#6ca6cd,11,#4876FF
41144,1,0,0,4,#6ca6cd,11,#4876FF
41145,1,0,0,4,#6ca6cd,13,#EEAEEE
41256,1,0,1,3,#43cd80,3,#EE7600
41258,1,0,1,4,#6ca6cd,2,#CD2626
41259,1,0,1,4,#6ca6cd,11,#4876FF
41273,1,1,1,2,#eead0e,16,#FF3E96
41274,1,1,1,1,#cd2626,18,#FF6A6A
41275,1,1,1,1,#cd2626,16,#FF3E96
41277,1,0,0,4,#6ca6cd,1,#FF3030
41287,1,0,0,2,#eead0e,17,#EE799F
41288,1,0,0,1,#cd2626,4,#EEC900
41289,1,0,0,1,#cd2626,4,#EEC900
41338,1,1,0,2,#eead0e,12,#6959CD
41339,1,1,0,2,#eead0e,12,#6959CD
41341,1,1,0,2,#eead0e,12,#6959CD
41344,1,0,1,4,#6ca6cd,13,#EEAEEE
41345,1,0,1,1,#cd2626,13,#EEAEEE
41346,1,0,1,1,#cd2626,13,#EEAEEE
41468,1,0,0,1,#cd2626,16,#FF3E96
41469,1,0,0,1,#cd2626,6,#EEDC82
41471,1,0,0,1,#cd2626,16,#FF3E96
41472,1,0,0,1,#cd2626,16,#FF3E96
41483,1,1,1,1,#cd2626,13,#EEAEEE
41499,1,1,1,1,#cd2626,6,#EEDC82
41500,1,1,1,1,#cd2626,6,#EEDC82
41501,1,0,0,4,#6ca6cd,1,#FF3030
41502,1,0,1,4,#6ca6cd,11,#4876FF
41503,1,0,1,4,#6ca6cd,11,#4876FF
41504,1,0,0,4,#6ca6cd,11,#4876FF
41615,1,0,1,3,#43cd80,3,#EE7600
41617,1,0,1,4,#6ca6cd,1,#FF3030
41618,1,0,1,4,#6ca6cd,11,#4876FF
41631,1,0,1,4,#6ca6cd,2,#CD2626
41632,1,0,1,2,#eead0e,2,#CD2626
41636,1,0,0,4,#6ca6cd,16,#FF3E96
41637,1,0,0,4,#6ca6cd,11,#4876FF
41638,1,0,0,4,#6ca6cd,11,#4876FF
41639,1,0,0,4,#6ca6cd,11,#4876FF
41642,1,0,0,4,#6ca6cd,11,#4876FF
41644,1,0,0,4,#6ca6cd,2,#CD2626
41645,1,0,0,4,#6ca6cd,11,#4876FF
41647,1,0,0,2,#eead0e,18,#FF6A6A
41699,1,1,0,2,#eead0e,12,#6959CD
41700,1,1,0,2,#eead0e,12,#6959CD
41702,1,1,0,2,#eead0e,13,#EEAEEE
41827,1,0,0,4,#6ca6cd,2,#CD2626
41828,1,0,0,4,#6ca6cd,10,#6CA6CD
41829,1,0,0,1,#cd2626,2,#CD2626
41831,1,0,0,1,#cd2626,16,#FF3E96
41843,1,1,1,2,#eead0e,13,#EEAEEE
41858,1,1,1,1,#cd2626,13,#EEAEEE
41859,1,1,1,1,#cd2626,13,#EEAEEE
41860,1,1,1,1,#cd2626,6,#EEDC82
41862,1,0,0,4,#6ca6cd,11,#4876FF
41863,1,0,1,4,#6ca6cd,11,#4876FF
41864,1,0,1,4,#6ca6cd,11,#4876FF
41974,1,0,1,3,#43cd80,4,#EEC900
41975,1,0,1,3,#43cd80,3,#EE7600
41976,1,0,1,4,#6ca6cd,11,#4876FF
41977,1,0,1,4,#6ca6cd,1,#FF3030
41990,1,0,1,2,#eead0e,15,#B452CD
41991,1,0,1,2,#eead0e,12,#6959CD
41992,1,0,1,4,#6ca6cd,2,#CD2626
41996,1,0,1,2,#eead0e,12,#6959CD
41997,1,0,1,2,#eead0e,12,#6959CD
41998,1,0,0,4,#6ca6cd,10,#6CA6CD
42060,1,1,0,2,#eead0e,12,#6959CD
42061,1,1,0,2,#eead0e,12,#6959CD
42068,1,0,1,1,#cd2626,13,#EEAEEE
42069,1,0,1,1,#cd2626,13,#EEAEEE
42186,1,1,0,1,#cd2626,16,#FF3E96
42187,1,1,0,1,#cd2626,16,#FF3E96
42188,1,0,0,1,#cd2626,13,#EEAEEE
42189,1,0,0,1,#cd2626,13,#EEAEEE
42190,1,0,0,1,#cd2626,16,#FF3E96
42191,1,0,0,1,#cd2626,16,#FF3E96
42218,1,1,1,1,#cd2626,13,#EEAEEE
42220,1,1,1,1,#cd2626,13,#EEAEEE
42222,1,0,1,4,#6ca6cd,11,#4876FF
42223,1,0,1,4,#6ca6cd,10,#6CA6CD
42336,1,0,1,3,#43cd80,2,#CD2626
42350,1,0,1,2,#eead0e,15,#B452CD
42356,1,0,1,2,#eead0e,12,#6959CD
42357,1,0,1,4,#6ca6cd,11,#4876FF
42421,1,1,0,2,#eead0e,12,#6959CD
42548,1,0,0,4,#6ca6cd,11,#4876FF
42549,1,0,0,1,#cd2626,13,#EEAEEE
42578,1,1,1,1,#cd2626,13,#EEAEEE
42580,1,1,1,4,#6ca6cd,13,#EEAEEE
42695,1,0,1,3,#43cd80,3,#EE7600
42782,1,1,0,2,#eead0e,12,#6959CD
42908,1,0,0,4,#6ca6cd,10,#6CA6CD
42929,1,1,0,4,#6ca6cd,13,#EEAEEE
42930,1,1,0,4,#6ca6cd,11,#4876FF
42931,1,1,0,4,#6ca6cd,11,#4876FF
42932,1,1,1,4,#6ca6cd,10,#6CA6CD
42937,1,1,1,4,#6ca6cd,13,#EEAEEE
42938,1,1,1,4,#6ca6cd,13,#EEAEEE
42940,1,1,1,4,#6ca6cd,13,#EEAEEE
43983,1,1,1,4,#6ca6cd,16,#FF3E96
44342,1,1,0,4,#6ca6cd,16,#FF3E96
44343,1,1,0,4,#6ca6cd,16,#FF3E96
15828,0,1,0,1,#cd2626,18,#FF6A6A
15829,0,1,0,2,#eead0e,12,#6959CD
15830,0,1,0,2,#eead0e,18,#FF6A6A
15831,0,1,0,1,#cd2626,18,#FF6A6A
16191,0,1,0,2,#eead0e,17,#EE799F
16548,0,1,0,1,#cd2626,5,#EEAD0E
16552,0,1,0,2,#eead0e,17,#EE799F
16675,0,1,0,4,#6ca6cd,1,#FF3030
16886,0,1,1,5,#b452cd,7,#98FB98
16887,0,1,1,5,#b452cd,6,#EEDC82
16888,0,1,1,1,#cd2626,13,#EEAEEE
16909,0,1,0,1,#cd2626,5,#EEAD0E
16910,0,1,0,1,#cd2626,18,#FF6A6A
16911,0,1,0,2,#eead0e,12,#6959CD
16913,0,1,0,2,#eead0e,17,#EE799F
17036,0,1,0,1,#cd2626,1,#FF3030
17246,0,1,0,2,#eead0e,18,#FF6A6A
17248,0,1,1,1,#cd2626,6,#EEDC82
17249,0,1,1,5,#b452cd,6,#EEDC82
17271,0,1,0,1,#cd2626,18,#FF6A6A
17272,0,1,0,1,#cd2626,18,#FF6A6A
17274,0,1,0,2,#eead0e,18,#FF6A6A
17398,0,1,0,1,#cd2626,16,#FF3E96
17605,0,1,0,1,#cd2626,18,#FF6A6A
17606,0,1,0,1,#cd2626,18,#FF6A6A
17607,0,1,1,1,#cd2626,6,#EEDC82
17608,0,1,1,1,#cd2626,6,#EEDC82
17609,0,1,1,5,#b452cd,6,#EEDC82
17632,0,1,0,2,#eead0e,12,#6959CD
17633,0,1,0,2,#eead0e,13,#EEAEEE
17634,0,1,0,2,#eead0e,12,#6959CD
17635,0,1,0,2,#eead0e,13,#EEAEEE
17756,0,1,0,4,#6ca6cd,1,#FF3030
17758,0,1,0,4,#6ca6cd,1,#FF3030
17964,0,1,0,1,#cd2626,18,#FF6A6A
17965,0,1,1,1,#cd2626,6,#EEDC82
17966,0,1,1,1,#cd2626,6,#EEDC82
17968,0,1,1,1,#cd2626,6,#EEDC82
17969,0,1,1,1,#cd2626,6,#EEDC82
17993,0,1,0,2,#eead0e,13,#EEAEEE
17994,0,1,0,2,#eead0e,13,#EEAEEE
17996,0,1,0,1,#cd2626,18,#FF6A6A
17997,0,1,0,2,#eead0e,13,#EEAEEE
18118,0,1,0,4,#6ca6cd,16,#FF3E96
18119,0,1,0,4,#6ca6cd,16,#FF3E96
18324,0,1,0,1,#cd2626,18,#FF6A6A
18327,0,1,0,1,#cd2626,18,#FF6A6A
18328,0,1,1,4,#6ca6cd,1,#FF3030
18356,0,1,0,1,#cd2626,18,#FF6A6A
18357,0,1,0,2,#eead0e,17,#EE799F
18358,0,1,0,2,#eead0e,13,#EEAEEE
18478,0,1,0,4,#6ca6cd,16,#FF3E96
18479,0,1,0,4,#6ca6cd,1,#FF3030
18681,0,1,0,1,#cd2626,18,#FF6A6A
18682,0,1,1,1,#cd2626,5,#EEAD0E
18683,0,1,0,3,#43cd80,3,#EE7600
18688,0,1,1,1,#cd2626,6,#EEDC82
18715,0,1,0,1,#cd2626,13,#EEAEEE
18843,0,1,0,4,#6ca6cd,11,#4876FF
19045,0,1,1,1,#cd2626,13,#EEAEEE
19048,0,1,1,1,#cd2626,13,#EEAEEE
19049,0,1,0,1,#cd2626,13,#EEAEEE
19050,0,1,1,5,#b452cd,13,#EEAEEE
19078,0,1,0,2,#eead0e,13,#EEAEEE
19397,0,1,0,4,#6ca6cd,1,#FF3030
19400,0,1,1,5,#b452cd,3,#EE7600
19737,0,1,0,1,#cd2626,18,#FF6A6A
19738,0,1,1,5,#b452cd,8,#43CD80
19758,0,1,1,5,#b452cd,6,#EEDC82
19759,0,1,1,3,#43cd80,3,#EE7600
19924,0,1,0,1,#cd2626,16,#FF3E96
19925,0,1,0,1,#cd2626,13,#EEAEEE
20001,0,1,0,1,#cd2626,13,#EEAEEE
20002,0,1,0,1,#cd2626,13,#EEAEEE
20004,0,1,0,1,#cd2626,13,#EEAEEE
20096,0,1,1,5,#b452cd,8,#43CD80
20097,0,1,0,3,#43cd80,3,#EE7600
20098,0,1,1,5,#b452cd,8,#43CD80
20099,0,1,1,5,#b452cd,3,#EE7600
20100,0,1,1,5,#b452cd,8,#43CD80
20116,0,1,1,5,#b452cd,6,#EEDC82
20365,0,1,0,1,#cd2626,18,#FF6A6A
20366,0,1,0,1,#cd2626,18,#FF6A6A
20456,0,1,1,3,#43cd80,3,#EE7600
20648,0,1,0,2,#eead0e,17,#EE799F
20719,0,1,0,1,#cd2626,6,#EEDC82
20816,0,1,1,3,#43cd80,3,#EE7600
20989,0,1,0,2,#eead0e,12,#6959CD
21008,0,1,0,1,#cd2626,18,#FF6A6A
21009,0,1,0,4,#6ca6cd,1,#FF3030
21079,0,1,0,4,#6ca6cd,13,#EEAEEE
21176,0,1,1,3,#43cd80,3,#EE7600
21214,0,1,0,1,#cd2626,18,#FF6A6A
21349,0,1,0,2,#eead0e,13,#EEAEEE
21709,0,1,0,1,#cd2626,18,#FF6A6A
22069,0,1,0,4,#6ca6cd,13,#EEAEEE
22430,0,1,0,2,#eead0e,12,#6959CD
23624,0,1,0,5,#b452cd,7,#98FB98
25310,0,1,0,4,#6ca6cd,1,#FF3030
25670,0,1,0,1,#cd2626,18,#FF6A6A
26029,0,1,0,1,#cd2626,16,#FF3E96
26030,0,1,0,2,#eead0e,16,#FF3E96
26225,0,1,0,5,#b452cd,6,#EEDC82
26597,0,1,0,5,#b452cd,8,#43CD80
26951,0,1,0,1,#cd2626,6,#EEDC82
27464,0,1,0,4,#6ca6cd,1,#FF3030
27823,0,1,0,1,#cd2626,18,#FF6A6A
27824,0,1,0,1,#cd2626,16,#FF3E96
28183,0,1,0,1,#cd2626,16,#FF3E96
28543,0,1,0,4,#6ca6cd,16,#FF3E96
29621,0,1,0,4,#6ca6cd,11,#4876FF
29981,0,1,0,4,#6ca6cd,11,#4876FF
30340,0,1,0,4,#6ca6cd,11,#4876FF
37405,0,1,1,3,#43cd80,5,#EEAD0E
38126,0,1,0,1,#cd2626,18,#FF6A6A
39169,0,1,1,2,#eead0e,14,#9F79EE
39264,0,1,0,4,#6ca6cd,1,#FF3030
39265,0,1,0,4,#6ca6cd,1,#FF3030
39624,0,1,0,4,#6ca6cd,1,#FF3030
39625,0,1,0,4,#6ca6cd,1,#FF3030
40254,0,1,0,2,#eead0e,18,#FF6A6A
40608,0,1,0,1,#cd2626,6,#EEDC82
40616,0,1,1,2,#eead0e,12,#6959CD
40617,0,1,0,2,#eead0e,18,#FF6A6A
40621,0,1,1,2,#eead0e,12,#6959CD
40974,0,1,0,2,#eead0e,12,#6959CD
40977,0,1,1,2,#eead0e,12,#6959CD
40979,0,1,0,2,#eead0e,15,#B452CD
41123,0,1,1,1,#cd2626,13,#EEAEEE
41272,1,1,1,2,#eead0e,12,#6959CD
42062,0,1,0,2,#eead0e,15,#B452CD
42203,0,1,1,1,#cd2626,13,#EEAEEE
42204,0,1,1,1,#cd2626,18,#FF6A6A
42219,0,1,0,1,#cd2626,13,#EEAEEE
42422,0,1,0,2,#eead0e,18,#FF6A6A
42546,0,1,0,1,#cd2626,2,#CD2626
42563,0,1,1,1,#cd2626,13,#EEAEEE
42564,0,1,1,1,#cd2626,13,#EEAEEE
42565,0,1,0,1,#cd2626,13,#EEAEEE
42571,0,1,0,1,#cd2626,6,#EEDC82
42781,0,1,0,2,#eead0e,12,#6959CD
42925,0,1,0,2,#eead0e,17,#EE799F
42926,0,1,0,1,#cd2626,18,#FF6A6A
42927,0,1,0,1,#cd2626,13,#EEAEEE
42928,0,1,0,1,#cd2626,13,#EEAEEE
42935,0,1,1,1,#cd2626,13,#EEAEEE
42936,0,1,1,1,#cd2626,13,#EEAEEE
42939,0,1,0,1,#cd2626,13,#EEAEEE
43142,0,1,0,2,#eead0e,12,#6959CD
43143,0,1,0,2,#eead0e,12,#6959CD
43264,0,1,0,1,#cd2626,16,#FF3E96
43265,0,1,0,1,#cd2626,16,#FF3E96
43287,0,1,0,1,#cd2626,18,#FF6A6A
43290,0,1,0,1,#cd2626,18,#FF6A6A
43291,0,1,1,1,#cd2626,13,#EEAEEE
43292,0,1,1,1,#cd2626,18,#FF6A6A
43293,0,1,1,1,#cd2626,13,#EEAEEE
43294,0,1,1,1,#cd2626,13,#EEAEEE
43295,0,1,1,1,#cd2626,13,#EEAEEE
43296,0,1,1,1,#cd2626,13,#EEAEEE
43297,0,1,1,1,#cd2626,13,#EEAEEE
43299,0,1,0,1,#cd2626,13,#EEAEEE
43497,0,1,0,1,#cd2626,18,#FF6A6A
43501,0,1,0,2,#eead0e,12,#6959CD
43502,0,1,0,2,#eead0e,12,#6959CD
43503,0,1,0,2,#eead0e,12,#6959CD
43624,0,1,0,4,#6ca6cd,12,#6959CD
43625,0,1,0,4,#6ca6cd,11,#4876FF
43626,0,1,0,4,#6ca6cd,11,#4876FF
43627,0,1,0,4,#6ca6cd,11,#4876FF
43659,0,1,0,1,#cd2626,13,#EEAEEE
43660,0,1,0,1,#cd2626,13,#EEAEEE
43861,0,1,0,2,#eead0e,12,#6959CD
43862,0,1,0,2,#eead0e,12,#6959CD
43863,0,1,0,2,#eead0e,12,#6959CD
43986,0,1,0,4,#6ca6cd,11,#4876FF
44019,0,1,0,1,#cd2626,13,#EEAEEE
44020,0,1,0,1,#cd2626,13,#EEAEEE
44021,0,1,0,1,#cd2626,13,#EEAEEE
44221,0,1,0,2,#eead0e,15,#B452CD
44222,0,1,0,2,#eead0e,12,#6959CD
44381,0,1,0,1,#cd2626,13,#EEAEEE
44382,0,1,1,2,#eead0e,13,#EEAEEE
44383,0,1,1,2,#eead0e,13,#EEAEEE
44581,0,1,0,2,#eead0e,12,#6959CD
44700,0,1,0,4,#6ca6cd,11,#4876FF
44701,0,1,0,4,#6ca6cd,11,#4876FF
44702,0,1,0,4,#6ca6cd,1,#FF3030
44743,0,1,1,2,#eead0e,13,#EEAEEE
44744,0,1,1,2,#eead0e,13,#EEAEEE
44853,0,1,1,3,#43cd80,3,#EE7600
44854,0,1,1,5,#b452cd,3,#EE7600
44940,0,1,0,2,#eead0e,12,#6959CD
44941,0,1,0,2,#eead0e,12,#6959CD
45059,0,1,0,4,#6ca6cd,11,#4876FF
45060,0,1,0,4,#6ca6cd,11,#4876FF
45103,0,1,1,1,#cd2626,13,#EEAEEE
45104,0,1,1,2,#eead0e,13,#EEAEEE
45105,0,1,1,2,#eead0e,13,#EEAEEE
45300,0,1,0,2,#eead0e,14,#9F79EE
45301,0,1,0,2,#eead0e,14,#9F79EE
45418,0,1,0,4,#6ca6cd,13,#EEAEEE
45419,0,1,0,4,#6ca6cd,13,#EEAEEE
45464,0,1,1,2,#eead0e,13,#EEAEEE
45465,0,1,1,1,#cd2626,13,#EEAEEE
45533,0,1,0,1,#cd2626,18,#FF6A6A
45534,0,1,0,2,#eead0e,17,#EE799F
45535,0,1,1,1,#cd2626,17,#EE799F
45575,0,1,0,3,#43cd80,17,#EE799F
45576,0,1,0,2,#eead0e,17,#EE799F
45577,0,1,0,3,#43cd80,17,#EE799F
45661,0,1,0,2,#eead0e,12,#6959CD
45662,0,1,0,2,#eead0e,12,#6959CD
45663,0,1,0,2,#eead0e,15,#B452CD
45778,0,1,1,2,#eead0e,12,#6959CD
45779,0,1,0,4,#6ca6cd,13,#EEAEEE
45824,0,1,1,2,#eead0e,12,#6959CD
45825,0,1,1,1,#cd2626,18,#FF6A6A
45892,0,1,0,1,#cd2626,18,#FF6A6A
45893,0,1,0,1,#cd2626,17,#EE799F
45894,0,1,0,2,#eead0e,12,#6959CD
45900,0,1,1,2,#eead0e,17,#EE799F
45913,0,1,1,2,#eead0e,5,#EEAD0E
45916,0,1,1,2,#eead0e,17,#EE799F
45928,0,1,0,2,#eead0e,14,#9F79EE
45929,0,1,0,2,#eead0e,18,#FF6A6A
46018,0,1,0,2,#eead0e,18,#FF6A6A
46019,0,1,0,2,#eead0e,15,#B452CD
46020,0,1,0,2,#eead0e,15,#B452CD
46022,0,1,0,2,#eead0e,12,#6959CD
46023,0,1,0,2,#eead0e,15,#B452CD
46137,0,1,0,4,#6ca6cd,11,#4876FF
46138,0,1,1,2,#eead0e,12,#6959CD
46139,0,1,0,4,#6ca6cd,12,#6959CD
46183,0,1,1,2,#eead0e,12,#6959CD
46184,0,1,1,2,#eead0e,13,#EEAEEE
46185,0,1,1,2,#eead0e,18,#FF6A6A
46186,0,1,0,2,#eead0e,17,#EE799F
46251,0,1,0,2,#eead0e,12,#6959CD
46252,0,1,0,2,#eead0e,12,#6959CD
46260,0,1,1,2,#eead0e,17,#EE799F
46269,0,1,1,2,#eead0e,17,#EE799F
46270,0,1,1,2,#eead0e,17,#EE799F
46276,0,1,1,2,#eead0e,14,#9F79EE
46287,0,1,1,2,#eead0e,17,#EE799F
46288,0,1,0,2,#eead0e,14,#9F79EE
46378,0,1,0,2,#eead0e,14,#9F79EE
46379,0,1,0,2,#eead0e,14,#9F79EE
46380,0,1,0,2,#eead0e,15,#B452CD
46497,0,1,0,4,#6ca6cd,11,#4876FF
46544,0,1,1,2,#eead0e,12,#6959CD
46545,0,1,1,2,#eead0e,12,#6959CD
46546,0,1,1,2,#eead0e,17,#EE799F
46611,0,1,0,2,#eead0e,14,#9F79EE
46620,0,1,1,2,#eead0e,17,#EE799F
46623,0,1,1,2,#eead0e,18,#FF6A6A
46624,0,1,1,2,#eead0e,17,#EE799F
46625,0,1,1,2,#eead0e,18,#FF6A6A
46629,0,1,1,2,#eead0e,17,#EE799F
46630,0,1,1,2,#eead0e,17,#EE799F
46639,0,1,1,2,#eead0e,17,#EE799F
46640,0,1,1,2,#eead0e,17,#EE799F
46641,0,1,1,2,#eead0e,17,#EE799F
46647,0,1,1,2,#eead0e,17,#EE799F
46738,0,1,0,2,#eead0e,12,#6959CD
46739,0,1,0,2,#eead0e,15,#B452CD
46740,0,1,0,2,#eead0e,12,#6959CD
46742,0,1,0,2,#eead0e,15,#B452CD
46744,0,1,0,2,#eead0e,15,#B452CD
46745,0,1,0,2,#eead0e,15,#B452CD
46856,0,1,1,4,#6ca6cd,13,#EEAEEE
46906,0,1,1,2,#eead0e,17,#EE799F
46907,0,1,1,2,#eead0e,17,#EE799F
46908,0,1,1,3,#43cd80,17,#EE799F
46972,0,1,0,2,#eead0e,12,#6959CD
46981,0,1,1,2,#eead0e,17,#EE799F
46989,0,1,1,2,#eead0e,17,#EE799F
46990,0,1,1,2,#eead0e,17,#EE799F
46997,0,1,1,3,#43cd80,17,#EE799F
46998,0,1,1,2,#eead0e,17,#EE799F
46999,0,1,1,2,#eead0e,17,#EE799F
47000,0,1,1,1,#cd2626,17,#EE799F
47006,0,1,1,3,#43cd80,3,#EE7600
47007,0,1,0,2,#eead0e,14,#9F79EE
47008,0,1,0,2,#eead0e,17,#EE799F
47009,0,1,0,2,#eead0e,17,#EE799F
47010,0,1,0,2,#eead0e,17,#EE799F
47101,0,1,0,2,#eead0e,12,#6959CD
47102,0,1,0,2,#eead0e,15,#B452CD
47103,0,1,0,2,#eead0e,15,#B452CD
47105,0,1,0,2,#eead0e,14,#9F79EE
47216,0,1,0,4,#6ca6cd,1,#FF3030
47267,0,1,1,2,#eead0e,17,#EE799F
47268,0,1,1,2,#eead0e,17,#EE799F
47269,0,1,1,2,#eead0e,17,#EE799F
47270,0,1,1,3,#43cd80,3,#EE7600
47271,0,1,1,3,#43cd80,3,#EE7600
47332,0,1,0,2,#eead0e,17,#EE799F
47343,0,1,1,2,#eead0e,17,#EE799F
47350,0,1,1,2,#eead0e,17,#EE799F
47356,0,1,0,3,#43cd80,17,#EE799F
47360,0,1,1,1,#cd2626,17,#EE799F
47376,0,1,0,3,#43cd80,3,#EE7600
47377,0,1,0,3,#43cd80,3,#EE7600
47378,0,1,0,3,#43cd80,3,#EE7600
47462,0,1,0,2,#eead0e,15,#B452CD
47576,0,1,0,4,#6ca6cd,1,#FF3030
47629,0,1,0,3,#43cd80,3,#EE7600
47630,0,1,1,3,#43cd80,3,#EE7600
47691,0,1,0,2,#eead0e,13,#EEAEEE
47692,0,1,0,2,#eead0e,17,#EE799F
47703,0,1,0,2,#eead0e,18,#FF6A6A
47704,0,1,1,2,#eead0e,17,#EE799F
47709,0,1,1,2,#eead0e,14,#9F79EE
47710,0,1,1,2,#eead0e,17,#EE799F
47711,0,1,1,2,#eead0e,17,#EE799F
47712,0,1,1,2,#eead0e,17,#EE799F
47719,0,1,0,2,#eead0e,17,#EE799F
47936,0,1,0,4,#6ca6cd,16,#FF3E96
47990,0,1,1,3,#43cd80,17,#EE799F
47991,0,1,1,3,#43cd80,17,#EE799F
47994,0,1,0,1,#cd2626,6,#EEDC82
47995,0,1,0,1,#cd2626,18,#FF6A6A
47996,0,1,0,3,#43cd80,1,#FF3030
48052,0,1,0,2,#eead0e,18,#FF6A6A
48053,0,1,0,2,#eead0e,12,#6959CD
48054,0,1,0,2,#eead0e,13,#EEAEEE
48055,0,1,0,2,#eead0e,14,#9F79EE
48056,0,1,0,2,#eead0e,17,#EE799F
48057,0,1,0,2,#eead0e,14,#9F79EE
48058,0,1,0,2,#eead0e,17,#EE799F
48063,0,1,0,2,#eead0e,17,#EE799F
48064,0,1,1,2,#eead0e,17,#EE799F
48065,0,1,1,2,#eead0e,17,#EE799F
48066,0,1,1,2,#eead0e,17,#EE799F
48067,0,1,1,2,#eead0e,17,#EE799F
48078,0,1,0,2,#eead0e,17,#EE799F
48089,0,1,0,3,#43cd80,17,#EE799F
48296,0,1,1,4,#6ca6cd,11,#4876FF
48297,0,1,0,4,#6ca6cd,1,#FF3030
48351,0,1,1,3,#43cd80,17,#EE799F
48352,0,1,1,2,#eead0e,17,#EE799F
48353,0,1,1,1,#cd2626,18,#FF6A6A
48354,0,1,1,1,#cd2626,18,#FF6A6A
48355,0,1,0,1,#cd2626,3,#EE7600
48356,0,1,0,3,#43cd80,17,#EE799F
48357,0,1,0,3,#43cd80,3,#EE7600
48358,0,1,0,3,#43cd80,3,#EE7600
48419,0,1,1,2,#eead0e,12,#6959CD
48420,0,1,0,2,#eead0e,18,#FF6A6A
48433,0,1,0,1,#cd2626,18,#FF6A6A
48436,0,1,1,2,#eead0e,18,#FF6A6A
48449,0,1,0,5,#b452cd,8,#43CD80
48656,0,1,0,4,#6ca6cd,11,#4876FF
48657,0,1,1,4,#6ca6cd,11,#4876FF
48713,0,1,1,3,#43cd80,17,#EE799F
48714,0,1,0,3,#43cd80,3,#EE7600
48715,0,1,0,3,#43cd80,3,#EE7600
48716,0,1,0,2,#eead0e,17,#EE799F
48717,0,1,0,3,#43cd80,17,#EE799F
48718,0,1,0,3,#43cd80,17,#EE799F
48719,0,1,0,3,#43cd80,1,#FF3030
48720,0,1,0,3,#43cd80,17,#EE799F
48721,0,1,0,1,#cd2626,18,#FF6A6A
48779,0,1,0,2,#eead0e,12,#6959CD
48780,0,1,0,2,#eead0e,12,#6959CD
48793,0,1,1,2,#eead0e,17,#EE799F
48794,0,1,1,2,#eead0e,17,#EE799F
49016,0,1,0,4,#6ca6cd,11,#4876FF
49017,0,1,0,4,#6ca6cd,11,#4876FF
49075,0,1,0,1,#cd2626,18,#FF6A6A
49076,0,1,0,1,#cd2626,16,#FF3E96
49077,0,1,0,1,#cd2626,4,#EEC900
49078,0,1,0,1,#cd2626,4,#EEC900
49079,0,1,0,1,#cd2626,18,#FF6A6A
49080,0,1,0,1,#cd2626,18,#FF6A6A
49081,0,1,0,3,#43cd80,5,#EEAD0E
49138,0,1,0,2,#eead0e,12,#6959CD
49139,0,1,0,2,#eead0e,12,#6959CD
49376,0,1,0,4,#6ca6cd,11,#4876FF
49377,0,1,0,4,#6ca6cd,11,#4876FF
49378,0,1,1,4,#6ca6cd,11,#4876FF
49434,0,1,0,1,#cd2626,4,#EEC900
49435,0,1,0,1,#cd2626,16,#FF3E96
49436,0,1,0,3,#43cd80,5,#EEAD0E
49440,0,1,0,1,#cd2626,18,#FF6A6A
49496,0,1,1,2,#eead0e,12,#6959CD
49497,0,1,1,2,#eead0e,12,#6959CD
49498,0,1,1,2,#eead0e,12,#6959CD
49499,0,1,0,2,#eead0e,13,#EEAEEE
49735,0,1,1,4,#6ca6cd,11,#4876FF
49736,0,1,1,4,#6ca6cd,11,#4876FF
49737,0,1,1,4,#6ca6cd,11,#4876FF
49738,0,1,1,4,#6ca6cd,11,#4876FF
49794,0,1,0,1,#cd2626,4,#EEC900
49796,0,1,0,1,#cd2626,18,#FF6A6A
49856,0,1,1,2,#eead0e,12,#6959CD
49857,0,1,1,2,#eead0e,12,#6959CD
49858,0,1,1,2,#eead0e,12,#6959CD
49859,0,1,1,2,#eead0e,12,#6959CD
50093,0,1,1,4,#6ca6cd,1,#FF3030
50094,0,1,1,4,#6ca6cd,11,#4876FF
50095,0,1,1,4,#6ca6cd,11,#4876FF
50096,0,1,1,4,#6ca6cd,11,#4876FF
50097,0,1,1,4,#6ca6cd,11,#4876FF
50098,0,1,1,4,#6ca6cd,11,#4876FF
50219,0,1,0,2,#eead0e,12,#6959CD
50220,0,1,0,2,#eead0e,12,#6959CD
50221,0,1,0,2,#eead0e,12,#6959CD
50452,0,1,1,4,#6ca6cd,10,#6CA6CD
50453,0,1,1,4,#6ca6cd,11,#4876FF
50454,0,1,1,4,#6ca6cd,11,#4876FF
50455,0,1,1,4,#6ca6cd,11,#4876FF
50456,0,1,1,4,#6ca6cd,11,#4876FF
50575,0,1,1,2,#eead0e,12,#6959CD
50576,0,1,1,2,#eead0e,12,#6959CD
50577,0,1,1,2,#eead0e,12,#6959CD
50578,0,1,1,2,#eead0e,12,#6959CD
50579,0,1,1,2,#eead0e,12,#6959CD
50580,0,1,0,2,#eead0e,17,#EE799F
50581,0,1,0,2,#eead0e,18,#FF6A6A
50582,0,1,0,2,#eead0e,12,#6959CD
50809,0,1,0,4,#6ca6cd,10,#6CA6CD
50812,0,1,1,4,#6ca6cd,10,#6CA6CD
50813,0,1,1,4,#6ca6cd,1,#FF3030
50814,0,1,0,4,#6ca6cd,11,#4876FF
50815,0,1,0,4,#6ca6cd,11,#4876FF
50930,0,1,0,2,#eead0e,18,#FF6A6A
50931,0,1,0,2,#eead0e,18,#FF6A6A
50932,0,1,0,2,#eead0e,17,#EE799F
50933,0,1,0,2,#eead0e,12,#6959CD
50935,0,1,1,2,#eead0e,14,#9F79EE
50936,0,1,1,2,#eead0e,12,#6959CD
50937,0,1,0,2,#eead0e,12,#6959CD
50938,0,1,1,2,#eead0e,12,#6959CD
50940,0,1,0,2,#eead0e,18,#FF6A6A
50941,0,1,0,2,#eead0e,12,#6959CD
50942,0,1,0,2,#eead0e,12,#6959CD
50943,0,1,0,2,#eead0e,12,#6959CD
50944,0,1,0,2,#eead0e,12,#6959CD
50945,0,1,0,2,#eead0e,12,#6959CD
51168,0,1,1,4,#6ca6cd,10,#6CA6CD
51169,0,1,1,4,#6ca6cd,10,#6CA6CD
51170,0,1,0,4,#6ca6cd,1,#FF3030
51171,0,1,0,4,#6ca6cd,10,#6CA6CD
51172,0,1,1,4,#6ca6cd,11,#4876FF
51173,0,1,0,4,#6ca6cd,11,#4876FF
51174,0,1,0,4,#6ca6cd,11,#4876FF
51290,0,1,0,2,#eead0e,12,#6959CD
51291,0,1,0,2,#eead0e,12,#6959CD
51292,0,1,0,2,#eead0e,12,#6959CD
51293,0,1,0,2,#eead0e,12,#6959CD
51294,0,1,0,2,#eead0e,12,#6959CD
51296,0,1,1,2,#eead0e,12,#6959CD
51297,0,1,0,2,#eead0e,12,#6959CD
51300,0,1,0,2,#eead0e,17,#EE799F
51301,0,1,1,2,#eead0e,12,#6959CD
51302,0,1,1,2,#eead0e,12,#6959CD
51305,0,1,0,1,#cd2626,18,#FF6A6A
51306,0,1,0,2,#eead0e,18,#FF6A6A
51527,0,1,0,4,#6ca6cd,10,#6CA6CD
51528,0,1,1,4,#6ca6cd,11,#4876FF
51529,0,1,1,4,#6ca6cd,10,#6CA6CD
51530,0,1,1,4,#6ca6cd,11,#4876FF
51531,0,1,0,4,#6ca6cd,10,#6CA6CD
51532,0,1,1,4,#6ca6cd,1,#FF3030
51533,0,1,0,4,#6ca6cd,10,#6CA6CD
51650,0,1,0,2,#eead0e,18,#FF6A6A
51651,0,1,0,2,#eead0e,12,#6959CD
51652,0,1,0,2,#eead0e,13,#EEAEEE
51654,0,1,0,2,#eead0e,12,#6959CD
51656,0,1,1,2,#eead0e,12,#6959CD
51657,0,1,1,2,#eead0e,12,#6959CD
51658,0,1,0,2,#eead0e,12,#6959CD
51660,0,1,0,2,#eead0e,12,#6959CD
51661,0,1,0,2,#eead0e,12,#6959CD
51665,0,1,0,2,#eead0e,12,#6959CD
51666,0,1,0,2,#eead0e,12,#6959CD
51667,0,1,1,2,#eead0e,12,#6959CD
51668,0,1,1,2,#eead0e,12,#6959CD
51669,0,1,1,2,#eead0e,12,#6959CD
51670,0,1,0,2,#eead0e,12,#6959CD
51671,0,1,0,2,#eead0e,14,#9F79EE
51887,0,1,1,4,#6ca6cd,10,#6CA6CD
51888,0,1,1,4,#6ca6cd,11,#4876FF
51889,0,1,0,4,#6ca6cd,10,#6CA6CD
51890,0,1,1,4,#6ca6cd,11,#4876FF
51891,0,1,0,4,#6ca6cd,11,#4876FF
51892,0,1,0,4,#6ca6cd,11,#4876FF
52010,0,1,0,2,#eead0e,18,#FF6A6A
52011,0,1,0,2,#eead0e,12,#6959CD
52012,0,1,0,2,#eead0e,14,#9F79EE
52013,0,1,0,2,#eead0e,12,#6959CD
52014,0,1,1,2,#eead0e,14,#9F79EE
52015,0,1,1,2,#eead0e,12,#6959CD
52016,0,1,1,2,#eead0e,12,#6959CD
52017,0,1,1,2,#eead0e,12,#6959CD
52018,0,1,0,2,#eead0e,12,#6959CD
52019,0,1,0,2,#eead0e,12,#6959CD
52029,0,1,1,2,#eead0e,12,#6959CD
52030,0,1,1,2,#eead0e,13,#EEAEEE
52031,0,1,1,2,#eead0e,13,#EEAEEE
52032,0,1,1,2,#eead0e,13,#EEAEEE
52033,0,1,1,1,#cd2626,13,#EEAEEE
52247,0,1,0,4,#6ca6cd,1,#FF3030
52248,0,1,0,4,#6ca6cd,11,#4876FF
52249,0,1,0,4,#6ca6cd,1,#FF3030
52250,0,1,0,4,#6ca6cd,11,#4876FF
52251,0,1,0,4,#6ca6cd,11,#4876FF
52372,0,1,0,2,#eead0e,17,#EE799F
52373,0,1,1,2,#eead0e,12,#6959CD
52374,0,1,1,2,#eead0e,12,#6959CD
52377,0,1,0,2,#eead0e,12,#6959CD
52378,0,1,0,1,#cd2626,18,#FF6A6A
52379,0,1,1,2,#eead0e,17,#EE799F
52389,0,1,1,2,#eead0e,12,#6959CD
52390,0,1,1,2,#eead0e,13,#EEAEEE
52391,0,1,1,2,#eead0e,13,#EEAEEE
52392,0,1,1,2,#eead0e,13,#EEAEEE
52393,0,1,1,2,#eead0e,13,#EEAEEE
52395,0,1,0,2,#eead0e,18,#FF6A6A
52586,0,1,0,4,#6ca6cd,11,#4876FF
52587,0,1,0,4,#6ca6cd,1,#FF3030
52605,0,1,0,4,#6ca6cd,1,#FF3030
52606,0,1,0,4,#6ca6cd,11,#4876FF
52607,0,1,0,4,#6ca6cd,11,#4876FF
52608,0,1,0,4,#6ca6cd,11,#4876FF
52609,0,1,0,4,#6ca6cd,11,#4876FF
52734,0,1,1,2,#eead0e,18,#FF6A6A
52735,0,1,1,2,#eead0e,18,#FF6A6A
52737,0,1,1,2,#eead0e,12,#6959CD
52749,0,1,1,2,#eead0e,12,#6959CD
52750,0,1,1,2,#eead0e,13,#EEAEEE
52751,0,1,1,2,#eead0e,13,#EEAEEE
52753,0,1,1,2,#eead0e,13,#EEAEEE
52755,0,1,0,2,#eead0e,13,#EEAEEE
52756,0,1,0,2,#eead0e,12,#6959CD
52757,0,1,0,2,#eead0e,12,#6959CD
52946,0,1,0,4,#6ca6cd,11,#4876FF
52947,0,1,0,4,#6ca6cd,11,#4876FF
52948,0,1,0,4,#6ca6cd,11,#4876FF
52964,0,1,0,4,#6ca6cd,11,#4876FF
52965,0,1,0,4,#6ca6cd,11,#4876FF
52966,0,1,0,4,#6ca6cd,11,#4876FF
52967,0,1,0,4,#6ca6cd,11,#4876FF
52968,0,1,0,4,#6ca6cd,11,#4876FF
53093,0,1,1,2,#eead0e,12,#6959CD
53094,0,1,1,2,#eead0e,18,#FF6A6A
53095,0,1,1,2,#eead0e,14,#9F79EE
53096,0,1,1,2,#eead0e,12,#6959CD
53097,0,1,1,2,#eead0e,12,#6959CD
53098,0,1,0,2,#eead0e,17,#EE799F
53109,0,1,1,2,#eead0e,13,#EEAEEE
53110,0,1,1,2,#eead0e,13,#EEAEEE
53111,0,1,1,2,#eead0e,13,#EEAEEE
53112,0,1,1,2,#eead0e,18,#FF6A6A
53113,0,1,0,2,#eead0e,12,#6959CD
53117,0,1,0,2,#eead0e,13,#EEAEEE
53119,0,1,0,2,#eead0e,18,#FF6A6A
53124,0,1,0,2,#eead0e,17,#EE799F
53127,0,1,0,2,#eead0e,18,#FF6A6A
53299,0,1,0,4,#6ca6cd,1,#FF3030
53300,0,1,0,4,#6ca6cd,11,#4876FF
53301,0,1,0,4,#6ca6cd,1,#FF3030
53302,0,1,0,4,#6ca6cd,11,#4876FF
53303,0,1,0,4,#6ca6cd,11,#4876FF
53304,0,1,0,4,#6ca6cd,11,#4876FF
53307,0,1,0,4,#6ca6cd,1,#FF3030
53308,0,1,0,4,#6ca6cd,11,#4876FF
53309,0,1,0,4,#6ca6cd,1,#FF3030
53323,0,1,0,4,#6ca6cd,1,#FF3030
53324,0,1,0,4,#6ca6cd,11,#4876FF
53325,0,1,0,4,#6ca6cd,11,#4876FF
53326,0,1,0,4,#6ca6cd,11,#4876FF
53327,0,1,0,4,#6ca6cd,2,#CD2626
53454,0,1,0,2,#eead0e,18,#FF6A6A
53456,0,1,0,2,#eead0e,17,#EE799F
53472,0,1,1,2,#eead0e,12,#6959CD
53477,0,1,0,2,#eead0e,12,#6959CD
53478,0,1,0,2,#eead0e,12,#6959CD
53479,0,1,0,2,#eead0e,13,#EEAEEE
53483,0,1,0,1,#cd2626,13,#EEAEEE
53656,0,1,0,2,#eead0e,2,#CD2626
53657,0,1,0,2,#eead0e,2,#CD2626
53658,0,1,0,2,#eead0e,17,#EE799F
53659,0,1,0,4,#6ca6cd,11,#4876FF
53660,0,1,0,4,#6ca6cd,1,#FF3030
53662,0,1,0,4,#6ca6cd,11,#4876FF
53666,0,1,0,4,#6ca6cd,11,#4876FF
53667,0,1,0,4,#6ca6cd,11,#4876FF
53668,0,1,0,4,#6ca6cd,11,#4876FF
53669,0,1,0,4,#6ca6cd,11,#4876FF
53670,0,1,0,4,#6ca6cd,11,#4876FF
53671,0,1,0,4,#6ca6cd,11,#4876FF
53672,0,1,0,4,#6ca6cd,1,#FF3030
53673,0,1,0,4,#6ca6cd,11,#4876FF
53676,0,1,0,4,#6ca6cd,10,#6CA6CD
53677,0,1,0,4,#6ca6cd,10,#6CA6CD
53679,0,1,0,4,#6ca6cd,11,#4876FF
53680,0,1,0,4,#6ca6cd,11,#4876FF
53681,0,1,0,4,#6ca6cd,11,#4876FF
53682,0,1,0,4,#6ca6cd,11,#4876FF
53683,0,1,0,4,#6ca6cd,1,#FF3030
53685,0,1,0,4,#6ca6cd,11,#4876FF
53838,0,1,0,2,#eead0e,14,#9F79EE
53839,0,1,0,2,#eead0e,14,#9F79EE
53840,0,1,0,2,#eead0e,18,#FF6A6A
53844,0,1,0,2,#eead0e,17,#EE799F
54016,0,1,0,2,#eead0e,2,#CD2626
54017,0,1,0,4,#6ca6cd,1,#FF3030
54018,0,1,0,2,#eead0e,17,#EE799F
54028,0,1,0,4,#6ca6cd,11,#4876FF
54029,0,1,0,4,#6ca6cd,11,#4876FF
54030,0,1,0,4,#6ca6cd,11,#4876FF
54031,0,1,0,4,#6ca6cd,11,#4876FF
54032,0,1,0,4,#6ca6cd,11,#4876FF
54033,0,1,0,4,#6ca6cd,11,#4876FF
54034,0,1,0,4,#6ca6cd,11,#4876FF
54035,0,1,0,4,#6ca6cd,11,#4876FF
54036,0,1,0,4,#6ca6cd,11,#4876FF
54037,0,1,0,4,#6ca6cd,1,#FF3030
54198,0,1,0,2,#eead0e,17,#EE799F
54199,0,1,0,2,#eead0e,18,#FF6A6A
54200,0,1,0,1,#cd2626,18,#FF6A6A
54201,0,1,0,1,#cd2626,18,#FF6A6A
54202,0,1,0,2,#eead0e,17,#EE799F
54203,0,1,0,2,#eead0e,12,#6959CD
54204,0,1,0,2,#eead0e,13,#EEAEEE
54205,0,1,0,2,#eead0e,17,#EE799F
54206,0,1,0,2,#eead0e,17,#EE799F
54207,0,1,0,2,#eead0e,17,#EE799F
54208,0,1,0,3,#43cd80,17,#EE799F
54374,0,1,0,4,#6ca6cd,1,#FF3030
54375,0,1,0,4,#6ca6cd,2,#CD2626
54376,0,1,0,4,#6ca6cd,2,#CD2626
54389,0,1,0,4,#6ca6cd,11,#4876FF
54390,0,1,0,4,#6ca6cd,11,#4876FF
54391,0,1,0,4,#6ca6cd,11,#4876FF
54392,0,1,0,4,#6ca6cd,11,#4876FF
54393,0,1,0,4,#6ca6cd,11,#4876FF
54394,0,1,1,4,#6ca6cd,11,#4876FF
54558,0,1,0,2,#eead0e,14,#9F79EE
54562,0,1,0,2,#eead0e,12,#6959CD
54735,0,1,0,1,#cd2626,1,#FF3030
54736,0,1,0,2,#eead0e,11,#4876FF
54918,0,1,0,2,#eead0e,14,#9F79EE
54919,0,1,0,2,#eead0e,14,#9F79EE
54922,0,1,0,2,#eead0e,14,#9F79EE
55096,0,1,0,4,#6ca6cd,2,#CD2626
55097,0,1,0,4,#6ca6cd,1,#FF3030
55098,0,1,0,4,#6ca6cd,1,#FF3030
55279,0,1,0,2,#eead0e,14,#9F79EE
55280,0,1,0,2,#eead0e,14,#9F79EE
55281,0,1,0,2,#eead0e,18,#FF6A6A
55282,0,1,0,2,#eead0e,14,#9F79EE
55283,0,1,0,2,#eead0e,17,#EE799F
55454,0,1,0,4,#6ca6cd,2,#CD2626
55455,0,1,0,4,#6ca6cd,11,#4876FF
55456,0,1,0,4,#6ca6cd,11,#4876FF
55457,0,1,0,4,#6ca6cd,1,#FF3030
55458,0,1,0,4,#6ca6cd,1,#FF3030
55459,0,1,0,4,#6ca6cd,2,#CD2626
55597,0,1,0,2,#eead0e,14,#9F79EE
55598,0,1,0,2,#eead0e,15,#B452CD
55599,0,1,0,2,#eead0e,14,#9F79EE
55605,0,1,0,2,#eead0e,14,#9F79EE
55606,0,1,0,2,#eead0e,14,#9F79EE
55641,0,1,0,2,#eead0e,14,#9F79EE
55642,0,1,0,1,#cd2626,18,#FF6A6A
55645,0,1,0,2,#eead0e,18,#FF6A6A
55646,0,1,0,2,#eead0e,17,#EE799F
55812,0,1,0,4,#6ca6cd,1,#FF3030
55813,0,1,0,4,#6ca6cd,2,#CD2626
55814,0,1,0,4,#6ca6cd,1,#FF3030
55957,0,1,0,2,#eead0e,14,#9F79EE
55959,0,1,0,2,#eead0e,15,#B452CD
55962,0,1,0,2,#eead0e,14,#9F79EE
55967,0,1,0,2,#eead0e,14,#9F79EE
56002,0,1,0,2,#eead0e,18,#FF6A6A
56003,0,1,0,2,#eead0e,18,#FF6A6A
56004,0,1,0,2,#eead0e,14,#9F79EE
56005,0,1,0,5,#b452cd,8,#43CD80
56006,0,1,0,1,#cd2626,18,#FF6A6A
56178,0,1,0,3,#43cd80,1,#FF3030
56179,0,1,0,3,#43cd80,2,#CD2626
56535,0,1,0,4,#6ca6cd,1,#FF3030
56536,0,1,0,1,#cd2626,1,#FF3030
56537,0,1,0,3,#43cd80,2,#CD2626
56538,0,1,0,3,#43cd80,2,#CD2626
56539,0,1,0,4,#6ca6cd,1,#FF3030
56894,0,1,0,2,#eead0e,2,#CD2626
56895,0,1,0,1,#cd2626,1,#FF3030
56896,0,1,0,4,#6ca6cd,1,#FF3030
57129,0,1,0,5,#b452cd,9,#AEEEEE
57222,0,1,0,5,#b452cd,9,#AEEEEE
57230,0,1,0,5,#b452cd,9,#AEEEEE
57231,0,1,0,5,#b452cd,9,#AEEEEE
57257,0,1,0,5,#b452cd,2,#CD2626
57258,0,1,0,5,#b452cd,2,#CD2626
57275,0,1,0,4,#6ca6cd,9,#AEEEEE
57276,0,1,0,4,#6ca6cd,9,#AEEEEE
57278,0,1,0,5,#b452cd,9,#AEEEEE
57279,0,1,0,5,#b452cd,9,#AEEEEE
57580,0,1,0,5,#b452cd,9,#AEEEEE
57581,0,1,0,5,#b452cd,9,#AEEEEE
57582,0,1,0,5,#b452cd,9,#AEEEEE
57587,0,1,0,5,#b452cd,9,#AEEEEE
57588,0,1,0,5,#b452cd,9,#AEEEEE
57589,0,1,0,5,#b452cd,9,#AEEEEE
57590,0,1,0,5,#b452cd,9,#AEEEEE
57596,0,1,0,3,#43cd80,10,#6CA6CD
57599,0,1,0,5,#b452cd,9,#AEEEEE
57618,0,1,0,3,#43cd80,2,#CD2626
57619,0,1,0,3,#43cd80,1,#FF3030
57620,0,1,0,3,#43cd80,1,#FF3030
57621,0,1,0,3,#43cd80,1,#FF3030
57622,0,1,0,5,#b452cd,9,#AEEEEE
57624,0,1,0,3,#43cd80,17,#EE799F
57625,0,1,0,3,#43cd80,17,#EE799F
57626,0,1,0,4,#6ca6cd,1,#FF3030
57627,0,1,0,5,#b452cd,9,#AEEEEE
57628,0,1,0,3,#43cd80,9,#AEEEEE
57629,0,1,0,3,#43cd80,1,#FF3030
57630,0,1,0,3,#43cd80,9,#AEEEEE
57631,0,1,0,3,#43cd80,1,#FF3030
57632,0,1,0,3,#43cd80,1,#FF3030
57633,0,1,0,3,#43cd80,1,#FF3030
57634,0,1,0,5,#b452cd,9,#AEEEEE
57635,0,1,0,4,#6ca6cd,1,#FF3030
57636,0,1,0,3,#43cd80,1,#FF3030
57637,0,1,0,3,#43cd80,1,#FF3030
57638,0,1,0,4,#6ca6cd,1,#FF3030
57932,0,1,0,5,#b452cd,9,#AEEEEE
57933,0,1,0,5,#b452cd,9,#AEEEEE
57934,0,1,0,5,#b452cd,9,#AEEEEE
57935,0,1,0,5,#b452cd,9,#AEEEEE
57939,0,1,0,5,#b452cd,9,#AEEEEE
57940,0,1,0,5,#b452cd,9,#AEEEEE
57949,0,1,0,5,#b452cd,9,#AEEEEE
57983,0,1,0,3,#43cd80,2,#CD2626
57984,0,1,0,3,#43cd80,1,#FF3030
57985,0,1,0,1,#cd2626,1,#FF3030
57986,0,1,0,4,#6ca6cd,9,#AEEEEE
58278,0,1,0,5,#b452cd,9,#AEEEEE
58279,0,1,0,5,#b452cd,9,#AEEEEE
58290,0,1,0,5,#b452cd,9,#AEEEEE
58291,0,1,0,5,#b452cd,9,#AEEEEE
58292,0,1,0,5,#b452cd,9,#AEEEEE
58293,0,1,0,5,#b452cd,9,#AEEEEE
58298,0,1,0,4,#6ca6cd,1,#FF3030
58299,0,1,0,5,#b452cd,9,#AEEEEE
58646,0,1,0,5,#b452cd,9,#AEEEEE
58647,0,1,0,5,#b452cd,9,#AEEEEE
58650,0,1,0,5,#b452cd,9,#AEEEEE
58968,0,1,0,5,#b452cd,9,#AEEEEE
58969,0,1,0,5,#b452cd,9,#AEEEEE
17995,0,0,1,1,#cd2626,18,#FF6A6A
18719,0,0,1,1,#cd2626,18,#FF6A6A
19040,0,0,1,1,#cd2626,6,#EEDC82
19041,0,0,1,1,#cd2626,6,#EEDC82
20000,0,0,1,1,#cd2626,18,#FF6A6A
20003,0,0,1,2,#eead0e,18,#FF6A6A
20005,0,0,1,1,#cd2626,18,#FF6A6A
20103,0,0,1,1,#cd2626,6,#EEDC82
20359,0,0,1,1,#cd2626,18,#FF6A6A
20462,0,0,1,3,#43cd80,6,#EEDC82
20464,0,0,1,1,#cd2626,6,#EEDC82
20827,0,0,1,5,#b452cd,6,#EEDC82
20833,0,0,1,5,#b452cd,3,#EE7600
20854,0,0,1,1,#cd2626,6,#EEDC82
21193,0,0,1,5,#b452cd,3,#EE7600
21220,0,0,1,5,#b452cd,7,#98FB98
21535,0,0,1,3,#43cd80,3,#EE7600
21948,0,0,1,1,#cd2626,18,#FF6A6A
22254,0,0,1,1,#cd2626,6,#EEDC82
22975,0,0,1,4,#6ca6cd,10,#6CA6CD
23254,0,0,1,1,#cd2626,18,#FF6A6A
23335,0,0,1,4,#6ca6cd,9,#AEEEEE
23615,0,0,1,1,#cd2626,18,#FF6A6A
23988,0,0,1,1,#cd2626,18,#FF6A6A
24093,0,0,1,1,#cd2626,18,#FF6A6A
24340,0,0,1,1,#cd2626,6,#EEDC82
24414,0,0,1,1,#cd2626,18,#FF6A6A
24452,0,0,1,1,#cd2626,18,#FF6A6A
24453,0,0,1,1,#cd2626,18,#FF6A6A
24716,0,0,1,1,#cd2626,18,#FF6A6A
24811,0,0,1,1,#cd2626,18,#FF6A6A
24812,0,0,1,1,#cd2626,18,#FF6A6A
24813,0,0,1,1,#cd2626,18,#FF6A6A
25136,0,0,1,1,#cd2626,18,#FF6A6A
25171,0,0,1,1,#cd2626,18,#FF6A6A
25530,0,0,1,1,#cd2626,18,#FF6A6A
25702,0,0,1,1,#cd2626,18,#FF6A6A
25888,0,0,1,1,#cd2626,18,#FF6A6A
25889,0,0,1,1,#cd2626,18,#FF6A6A
25951,0,0,1,4,#6ca6cd,11,#4876FF
25955,0,0,1,1,#cd2626,6,#EEDC82
26062,0,0,1,1,#cd2626,18,#FF6A6A
26140,0,0,1,1,#cd2626,18,#FF6A6A
26219,0,0,1,2,#eead0e,14,#9F79EE
26250,0,0,1,1,#cd2626,18,#FF6A6A
26306,0,0,1,1,#cd2626,6,#EEDC82
26511,0,0,1,1,#cd2626,18,#FF6A6A
26607,0,0,1,1,#cd2626,6,#EEDC82
26988,0,0,1,1,#cd2626,6,#EEDC82
27302,0,0,1,1,#cd2626,18,#FF6A6A
27685,0,0,1,1,#cd2626,18,#FF6A6A
28024,0,0,1,1,#cd2626,18,#FF6A6A
28045,0,0,1,1,#cd2626,18,#FF6A6A
28405,0,0,1,1,#cd2626,18,#FF6A6A
28668,0,0,1,1,#cd2626,6,#EEDC82
28682,0,0,1,4,#6ca6cd,10,#6CA6CD
28740,0,0,1,1,#cd2626,18,#FF6A6A
28764,0,0,1,1,#cd2626,18,#FF6A6A
29027,0,0,1,1,#cd2626,18,#FF6A6A
29097,0,0,1,1,#cd2626,6,#EEDC82
29098,0,0,1,1,#cd2626,18,#FF6A6A
29102,0,0,1,1,#cd2626,6,#EEDC82
29757,0,0,1,1,#cd2626,18,#FF6A6A
29773,0,0,1,1,#cd2626,18,#FF6A6A
29807,0,0,1,2,#eead0e,18,#FF6A6A
29808,0,0,1,1,#cd2626,18,#FF6A6A
29829,0,0,1,1,#cd2626,18,#FF6A6A
29830,0,0,1,1,#cd2626,18,#FF6A6A
30132,0,0,1,1,#cd2626,18,#FF6A6A
30165,0,0,1,2,#eead0e,18,#FF6A6A
30175,0,0,1,1,#cd2626,18,#FF6A6A
30182,0,0,1,1,#cd2626,18,#FF6A6A
30194,0,0,1,1,#cd2626,18,#FF6A6A
30474,0,0,1,1,#cd2626,18,#FF6A6A
30492,0,0,1,1,#cd2626,18,#FF6A6A
30493,0,0,1,1,#cd2626,18,#FF6A6A
30547,0,0,1,1,#cd2626,6,#EEDC82
30548,0,0,1,1,#cd2626,18,#FF6A6A
30549,0,0,1,1,#cd2626,18,#FF6A6A
30550,0,0,1,1,#cd2626,6,#EEDC82
30744,0,0,1,1,#cd2626,18,#FF6A6A
30893,0,0,1,2,#eead0e,18,#FF6A6A
30909,0,0,1,1,#cd2626,18,#FF6A6A
30910,0,0,1,3,#43cd80,5,#EEAD0E
30911,0,0,1,1,#cd2626,18,#FF6A6A
31108,0,0,1,2,#eead0e,18,#FF6A6A
31272,0,0,1,1,#cd2626,18,#FF6A6A
32000,0,0,1,1,#cd2626,18,#FF6A6A
32394,0,0,1,1,#cd2626,18,#FF6A6A
33014,0,0,1,1,#cd2626,18,#FF6A6A
33060,0,0,1,1,#cd2626,18,#FF6A6A
33094,0,0,1,2,#eead0e,14,#9F79EE
33113,0,0,1,4,#6ca6cd,13,#EEAEEE
33405,0,0,1,3,#43cd80,17,#EE799F
34453,0,0,1,1,#cd2626,18,#FF6A6A
34476,0,0,1,2,#eead0e,14,#9F79EE
34534,0,0,1,1,#cd2626,18,#FF6A6A
34543,0,0,1,5,#b452cd,8,#43CD80
34544,0,0,1,5,#b452cd,8,#43CD80
34550,0,0,1,1,#cd2626,18,#FF6A6A
34834,0,0,1,1,#cd2626,18,#FF6A6A
34856,0,0,1,1,#cd2626,18,#FF6A6A
34866,0,0,1,3,#43cd80,3,#EE7600
34884,0,0,1,1,#cd2626,18,#FF6A6A
34900,0,0,1,1,#cd2626,6,#EEDC82
35194,0,0,1,1,#cd2626,5,#EEAD0E
35214,0,0,1,2,#eead0e,14,#9F79EE
35244,0,0,1,1,#cd2626,18,#FF6A6A
35537,0,0,1,2,#eead0e,14,#9F79EE
35539,0,0,1,2,#eead0e,14,#9F79EE
35554,0,0,1,1,#cd2626,5,#EEAD0E
35567,0,0,1,2,#eead0e,14,#9F79EE
35580,0,0,1,4,#6ca6cd,10,#6CA6CD
35608,0,0,1,1,#cd2626,18,#FF6A6A
35612,0,0,1,1,#cd2626,18,#FF6A6A
35628,0,0,1,1,#cd2626,18,#FF6A6A
35632,0,0,1,1,#cd2626,18,#FF6A6A
35897,0,0,1,2,#eead0e,14,#9F79EE
35913,0,0,1,1,#cd2626,18,#FF6A6A
35924,0,0,1,2,#eead0e,14,#9F79EE
35960,0,0,1,1,#cd2626,6,#EEDC82
35966,0,0,1,2,#eead0e,18,#FF6A6A
35981,0,0,1,1,#cd2626,6,#EEDC82
36097,0,0,1,1,#cd2626,6,#EEDC82
36120,0,0,1,1,#cd2626,6,#EEDC82
36253,0,0,1,3,#43cd80,4,#EEC900
36256,0,0,1,2,#eead0e,14,#9F79EE
36257,0,0,1,2,#eead0e,14,#9F79EE
36290,0,0,1,2,#eead0e,14,#9F79EE
36474,0,0,1,1,#cd2626,6,#EEDC82
36477,0,0,1,1,#cd2626,6,#EEDC82
36613,0,0,1,2,#eead0e,14,#9F79EE
36616,0,0,1,2,#eead0e,14,#9F79EE
36649,0,0,1,2,#eead0e,18,#FF6A6A
36945,0,0,1,2,#eead0e,18,#FF6A6A
36975,0,0,1,2,#eead0e,14,#9F79EE
36976,0,0,1,2,#eead0e,14,#9F79EE
36981,0,0,1,2,#eead0e,14,#9F79EE
37010,0,0,1,2,#eead0e,14,#9F79EE
37335,0,0,1,2,#eead0e,14,#9F79EE
37341,0,0,1,2,#eead0e,14,#9F79EE
37664,0,0,1,2,#eead0e,14,#9F79EE
37695,0,0,1,2,#eead0e,14,#9F79EE
37701,0,0,1,2,#eead0e,14,#9F79EE
38054,0,0,1,2,#eead0e,14,#9F79EE
38414,0,0,1,2,#eead0e,14,#9F79EE
38449,0,0,1,2,#eead0e,14,#9F79EE
38637,0,0,1,1,#cd2626,6,#EEDC82
38808,0,0,1,2,#eead0e,14,#9F79EE
38846,0,0,1,1,#cd2626,18,#FF6A6A
38978,0,0,1,1,#cd2626,6,#EEDC82
39145,0,0,1,2,#eead0e,14,#9F79EE
39206,0,0,1,1,#cd2626,18,#FF6A6A
39341,0,0,1,1,#cd2626,6,#EEDC82
39404,0,0,1,1,#cd2626,18,#FF6A6A
39505,0,0,1,2,#eead0e,14,#9F79EE
39506,0,0,1,2,#eead0e,14,#9F79EE
39566,0,0,1,1,#cd2626,18,#FF6A6A
39623,0,0,1,1,#cd2626,18,#FF6A6A
39708,0,0,1,1,#cd2626,6,#EEDC82
39763,0,0,1,1,#cd2626,18,#FF6A6A
39764,0,0,1,1,#cd2626,18,#FF6A6A
39839,0,0,1,1,#cd2626,18,#FF6A6A
39889,0,0,1,2,#eead0e,14,#9F79EE
39902,0,0,1,1,#cd2626,18,#FF6A6A
40178,0,0,1,2,#eead0e,18,#FF6A6A
40391,0,0,1,1,#cd2626,18,#FF6A6A
40918,0,0,1,1,#cd2626,18,#FF6A6A
41146,0,0,1,4,#6ca6cd,13,#EEAEEE
41271,0,0,1,1,#cd2626,18,#FF6A6A
41343,0,0,1,1,#cd2626,6,#EEDC82
41826,0,0,1,2,#eead0e,18,#FF6A6A
42283,0,0,1,1,#cd2626,6,#EEDC82
42284,0,0,1,1,#cd2626,6,#EEDC82
42285,0,0,1,3,#43cd80,3,#EE7600
42334,0,0,1,3,#43cd80,3,#EE7600
42335,0,0,1,3,#43cd80,2,#CD2626
42349,0,0,1,4,#6ca6cd,12,#6959CD
42429,0,0,1,1,#cd2626,6,#EEDC82
42577,0,0,1,1,#cd2626,6,#EEDC82
42643,0,0,1,1,#cd2626,18,#FF6A6A
42644,0,0,1,1,#cd2626,18,#FF6A6A
42645,0,0,1,1,#cd2626,5,#EEAD0E
42646,0,0,1,1,#cd2626,18,#FF6A6A
42647,0,0,1,1,#cd2626,18,#FF6A6A
42648,0,0,1,1,#cd2626,6,#EEDC82
42693,0,0,1,2,#eead0e,18,#FF6A6A
42694,0,0,1,1,#cd2626,18,#FF6A6A
42709,0,0,1,2,#eead0e,12,#6959CD
42790,0,0,1,1,#cd2626,6,#EEDC82
42905,0,0,1,2,#eead0e,18,#FF6A6A
43007,0,0,1,1,#cd2626,6,#EEDC82
43053,0,0,1,1,#cd2626,18,#FF6A6A
43054,0,0,1,2,#eead0e,18,#FF6A6A
43055,0,0,1,3,#43cd80,2,#CD2626
43056,0,0,1,1,#cd2626,18,#FF6A6A
43069,0,0,1,2,#eead0e,16,#FF3E96
43150,0,0,1,1,#cd2626,6,#EEDC82
43511,0,0,1,1,#cd2626,6,#EEDC82
43758,0,0,1,1,#cd2626,18,#FF6A6A
43768,0,0,1,1,#cd2626,18,#FF6A6A
43769,0,0,1,1,#cd2626,18,#FF6A6A
43770,0,0,1,1,#cd2626,18,#FF6A6A
43771,0,0,1,1,#cd2626,6,#EEDC82
43773,0,0,1,1,#cd2626,18,#FF6A6A
43774,0,0,1,1,#cd2626,6,#EEDC82
43871,0,0,1,4,#6ca6cd,13,#EEAEEE
44036,0,0,1,1,#cd2626,6,#EEDC82
44124,0,0,1,5,#b452cd,1,#FF3030
44136,0,0,1,2,#eead0e,12,#6959CD
44230,0,0,1,2,#eead0e,12,#6959CD
44233,0,0,1,1,#cd2626,18,#FF6A6A
44341,0,0,1,1,#cd2626,18,#FF6A6A
44471,0,0,1,2,#eead0e,18,#FF6A6A
44472,0,0,1,1,#cd2626,1,#FF3030
44496,0,0,1,1,#cd2626,18,#FF6A6A
44587,0,0,1,2,#eead0e,14,#9F79EE
44590,0,0,1,2,#eead0e,17,#EE799F
44591,0,0,1,2,#eead0e,18,#FF6A6A
44814,0,0,1,2,#eead0e,18,#FF6A6A
44832,0,0,1,4,#6ca6cd,1,#FF3030
44855,0,0,1,3,#43cd80,3,#EE7600
44856,0,0,1,1,#cd2626,18,#FF6A6A
44947,0,0,1,2,#eead0e,14,#9F79EE
44948,0,0,1,2,#eead0e,14,#9F79EE
44949,0,0,1,2,#eead0e,14,#9F79EE
44957,0,0,1,2,#eead0e,18,#FF6A6A
44959,0,0,1,1,#cd2626,18,#FF6A6A
45175,0,0,1,1,#cd2626,18,#FF6A6A
45178,0,0,1,2,#eead0e,18,#FF6A6A
45191,0,0,1,2,#eead0e,17,#EE799F
45192,0,0,1,2,#eead0e,18,#FF6A6A
45195,0,0,1,2,#eead0e,17,#EE799F
45204,0,0,1,3,#43cd80,3,#EE7600
45205,0,0,1,3,#43cd80,3,#EE7600
45206,0,0,1,1,#cd2626,18,#FF6A6A
45207,0,0,1,3,#43cd80,3,#EE7600
45208,0,0,1,3,#43cd80,3,#EE7600
45213,0,0,1,3,#43cd80,3,#EE7600
45214,0,0,1,1,#cd2626,18,#FF6A6A
45215,0,0,1,1,#cd2626,18,#FF6A6A
45216,0,0,1,1,#cd2626,18,#FF6A6A
45307,0,0,1,2,#eead0e,14,#9F79EE
45309,0,0,1,2,#eead0e,14,#9F79EE
45310,0,0,1,2,#eead0e,14,#9F79EE
45316,0,0,1,2,#eead0e,14,#9F79EE
45317,0,0,1,2,#eead0e,17,#EE799F
45320,0,0,1,2,#eead0e,12,#6959CD
45536,0,0,1,2,#eead0e,14,#9F79EE
45537,0,0,1,2,#eead0e,18,#FF6A6A
45538,0,0,1,2,#eead0e,17,#EE799F
45539,0,0,1,2,#eead0e,18,#FF6A6A
45548,0,0,1,1,#cd2626,18,#FF6A6A
45549,0,0,1,2,#eead0e,18,#FF6A6A
45551,0,0,1,2,#eead0e,18,#FF6A6A
45555,0,0,1,2,#eead0e,17,#EE799F
45556,0,0,1,2,#eead0e,17,#EE799F
45562,0,0,1,2,#eead0e,17,#EE799F
45563,0,0,1,1,#cd2626,6,#EEDC82
45565,0,0,1,3,#43cd80,3,#EE7600
45566,0,0,1,3,#43cd80,3,#EE7600
45567,0,0,1,3,#43cd80,3,#EE7600
45568,0,0,1,3,#43cd80,3,#EE7600
45569,0,0,1,1,#cd2626,18,#FF6A6A
45571,0,0,1,1,#cd2626,18,#FF6A6A
45574,0,0,1,1,#cd2626,18,#FF6A6A
45666,0,0,1,2,#eead0e,14,#9F79EE
45667,0,0,1,2,#eead0e,14,#9F79EE
45670,0,0,1,2,#eead0e,14,#9F79EE
45678,0,0,1,2,#eead0e,14,#9F79EE
45899,0,0,1,2,#eead0e,17,#EE799F
45909,0,0,1,1,#cd2626,18,#FF6A6A
45910,0,0,1,2,#eead0e,18,#FF6A6A
45911,0,0,1,2,#eead0e,14,#9F79EE
45914,0,0,1,2,#eead0e,17,#EE799F
45917,0,0,1,2,#eead0e,17,#EE799F
45921,0,0,1,3,#43cd80,17,#EE799F
45922,0,0,1,3,#43cd80,17,#EE799F
45924,0,0,1,3,#43cd80,3,#EE7600
45925,0,0,1,3,#43cd80,3,#EE7600
45926,0,0,1,5,#b452cd,3,#EE7600
45927,0,0,1,5,#b452cd,3,#EE7600
45954,0,0,1,1,#cd2626,6,#EEDC82
46025,0,0,1,2,#eead0e,14,#9F79EE
46026,0,0,1,2,#eead0e,14,#9F79EE
46027,0,0,1,2,#eead0e,14,#9F79EE
46029,0,0,1,2,#eead0e,14,#9F79EE
46030,0,0,1,2,#eead0e,14,#9F79EE
46038,0,0,1,2,#eead0e,14,#9F79EE
46040,0,0,1,2,#eead0e,14,#9F79EE
46261,0,0,1,2,#eead0e,17,#EE799F
46272,0,0,1,1,#cd2626,18,#FF6A6A
46273,0,0,1,2,#eead0e,17,#EE799F
46274,0,0,1,2,#eead0e,17,#EE799F
46275,0,0,1,2,#eead0e,17,#EE799F
46277,0,0,1,2,#eead0e,17,#EE799F
46278,0,0,1,3,#43cd80,17,#EE799F
46281,0,0,1,3,#43cd80,17,#EE799F
46282,0,0,1,1,#cd2626,18,#FF6A6A
46283,0,0,1,3,#43cd80,17,#EE799F
46284,0,0,1,3,#43cd80,17,#EE799F
46285,0,0,1,3,#43cd80,3,#EE7600
46286,0,0,1,3,#43cd80,3,#EE7600
46309,0,0,1,1,#cd2626,6,#EEDC82
46314,0,0,1,1,#cd2626,6,#EEDC82
46389,0,0,1,2,#eead0e,14,#9F79EE
46399,0,0,1,2,#eead0e,14,#9F79EE
46402,0,0,1,2,#eead0e,12,#6959CD
46636,0,0,1,2,#eead0e,12,#6959CD
46637,0,0,1,2,#eead0e,17,#EE799F
46638,0,0,1,2,#eead0e,17,#EE799F
46643,0,0,1,1,#cd2626,18,#FF6A6A
46644,0,0,1,3,#43cd80,3,#EE7600
46669,0,0,1,1,#cd2626,6,#EEDC82
46670,0,0,1,1,#cd2626,6,#EEDC82
46674,0,0,1,1,#cd2626,6,#EEDC82
46748,0,0,1,2,#eead0e,14,#9F79EE
46762,0,0,1,2,#eead0e,14,#9F79EE
46763,0,0,1,2,#eead0e,14,#9F79EE
46985,0,0,1,2,#eead0e,14,#9F79EE
46994,0,0,1,2,#eead0e,17,#EE799F
46995,0,0,1,2,#eead0e,17,#EE799F
46996,0,0,1,2,#eead0e,17,#EE799F
47003,0,0,1,1,#cd2626,18,#FF6A6A
47004,0,0,1,3,#43cd80,3,#EE7600
47005,0,0,1,3,#43cd80,3,#EE7600
47030,0,0,1,1,#cd2626,6,#EEDC82
47031,0,0,1,1,#cd2626,6,#EEDC82
47110,0,0,1,2,#eead0e,14,#9F79EE
47121,0,0,1,1,#cd2626,14,#9F79EE
47342,0,0,1,2,#eead0e,17,#EE799F
47344,0,0,1,2,#eead0e,17,#EE799F
47349,0,0,1,2,#eead0e,18,#FF6A6A
47353,0,0,1,2,#eead0e,18,#FF6A6A
47354,0,0,1,2,#eead0e,17,#EE799F
47357,0,0,1,2,#eead0e,17,#EE799F
47358,0,0,1,2,#eead0e,17,#EE799F
47369,0,0,1,1,#cd2626,6,#EEDC82
47470,0,0,1,2,#eead0e,14,#9F79EE
47481,0,0,1,2,#eead0e,14,#9F79EE
47707,0,0,1,2,#eead0e,18,#FF6A6A
47716,0,0,1,3,#43cd80,17,#EE799F
47736,0,0,1,1,#cd2626,6,#EEDC82
47748,0,0,1,1,#cd2626,6,#EEDC82
47749,0,0,1,1,#cd2626,6,#EEDC82
47753,0,0,1,1,#cd2626,6,#EEDC82
47831,0,0,1,2,#eead0e,12,#6959CD
47832,0,0,1,2,#eead0e,14,#9F79EE
47841,0,0,1,2,#eead0e,14,#9F79EE
47845,0,0,1,2,#eead0e,14,#9F79EE
48059,0,0,1,1,#cd2626,18,#FF6A6A
48068,0,0,1,2,#eead0e,17,#EE799F
48069,0,0,1,2,#eead0e,17,#EE799F
48070,0,0,1,1,#cd2626,18,#FF6A6A
48071,0,0,1,2,#eead0e,17,#EE799F
48073,0,0,1,2,#eead0e,18,#FF6A6A
48074,0,0,1,2,#eead0e,18,#FF6A6A
48108,0,0,1,1,#cd2626,6,#EEDC82
48192,0,0,1,2,#eead0e,18,#FF6A6A
48205,0,0,1,2,#eead0e,14,#9F79EE
48206,0,0,1,2,#eead0e,14,#9F79EE
48207,0,0,1,2,#eead0e,14,#9F79EE
48429,0,0,1,2,#eead0e,17,#EE799F
48430,0,0,1,2,#eead0e,17,#EE799F
48434,0,0,1,1,#cd2626,18,#FF6A6A
48435,0,0,1,2,#eead0e,18,#FF6A6A
48450,0,0,1,1,#cd2626,6,#EEDC82
48454,0,0,1,3,#43cd80,3,#EE7600
48467,0,0,1,1,#cd2626,6,#EEDC82
48468,0,0,1,1,#cd2626,6,#EEDC82
48471,0,0,1,1,#cd2626,6,#EEDC82
48472,0,0,1,1,#cd2626,6,#EEDC82
48565,0,0,1,2,#eead0e,14,#9F79EE
48795,0,0,1,1,#cd2626,18,#FF6A6A
48814,0,0,1,1,#cd2626,6,#EEDC82
48816,0,0,1,3,#43cd80,3,#EE7600
48817,0,0,1,3,#43cd80,3,#EE7600
48818,0,0,1,3,#43cd80,3,#EE7600
48828,0,0,1,1,#cd2626,6,#EEDC82
48831,0,0,1,5,#b452cd,6,#EEDC82
48832,0,0,1,1,#cd2626,6,#EEDC82
48833,0,0,1,1,#cd2626,6,#EEDC82
48922,0,0,1,2,#eead0e,14,#9F79EE
49172,0,0,1,1,#cd2626,6,#EEDC82
49175,0,0,1,1,#cd2626,6,#EEDC82
49176,0,0,1,1,#cd2626,6,#EEDC82
49177,0,0,1,1,#cd2626,6,#EEDC82
49178,0,0,1,1,#cd2626,6,#EEDC82
49179,0,0,1,1,#cd2626,6,#EEDC82
49200,0,0,1,1,#cd2626,6,#EEDC82
49201,0,0,1,1,#cd2626,6,#EEDC82
49282,0,0,1,2,#eead0e,14,#9F79EE
49441,0,0,1,2,#eead0e,14,#9F79EE
49538,0,0,1,1,#cd2626,6,#EEDC82
49539,0,0,1,1,#cd2626,6,#EEDC82
49793,0,0,1,2,#eead0e,14,#9F79EE
50152,0,0,1,2,#eead0e,18,#FF6A6A
50214,0,0,1,2,#eead0e,12,#6959CD
50218,0,0,1,2,#eead0e,18,#FF6A6A
50524,0,0,1,2,#eead0e,18,#FF6A6A
50723,0,0,1,2,#eead0e,14,#9F79EE
50764,0,0,1,1,#cd2626,18,#FF6A6A
51442,0,0,1,1,#cd2626,18,#FF6A6A
51672,0,0,1,1,#cd2626,18,#FF6A6A
51857,0,0,1,1,#cd2626,18,#FF6A6A
51858,0,0,1,1,#cd2626,18,#FF6A6A
51941,0,0,1,1,#cd2626,6,#EEDC82
52034,0,0,1,1,#cd2626,6,#EEDC82
52039,0,0,1,2,#eead0e,13,#EEAEEE
52218,0,0,1,4,#6ca6cd,11,#4876FF
52219,0,0,1,2,#eead0e,18,#FF6A6A
52221,0,0,1,1,#cd2626,18,#FF6A6A
52225,0,0,1,2,#eead0e,18,#FF6A6A
52375,0,0,1,2,#eead0e,18,#FF6A6A
52376,0,0,1,2,#eead0e,18,#FF6A6A
52394,0,0,1,1,#cd2626,6,#EEDC82
52401,0,0,1,1,#cd2626,18,#FF6A6A
52402,0,0,1,1,#cd2626,6,#EEDC82
52733,0,0,1,2,#eead0e,18,#FF6A6A
52736,0,0,1,2,#eead0e,18,#FF6A6A
52738,0,0,1,1,#cd2626,18,#FF6A6A
52944,0,0,1,1,#cd2626,18,#FF6A6A
53120,0,0,1,1,#cd2626,18,#FF6A6A
53298,0,0,1,1,#cd2626,18,#FF6A6A
53455,0,0,1,1,#cd2626,18,#FF6A6A
53458,0,0,1,2,#eead0e,18,#FF6A6A
53468,0,0,1,2,#eead0e,12,#6959CD
53469,0,0,1,2,#eead0e,12,#6959CD
53470,0,0,1,2,#eead0e,12,#6959CD
53471,0,0,1,1,#cd2626,18,#FF6A6A
53480,0,0,1,1,#cd2626,18,#FF6A6A
53482,0,0,1,1,#cd2626,6,#EEDC82
53484,0,0,1,1,#cd2626,18,#FF6A6A
53817,0,0,1,1,#cd2626,18,#FF6A6A
53818,0,0,1,1,#cd2626,18,#FF6A6A
53830,0,0,1,1,#cd2626,18,#FF6A6A
53831,0,0,1,2,#eead0e,12,#6959CD
53832,0,0,1,2,#eead0e,12,#6959CD
53841,0,0,1,1,#cd2626,18,#FF6A6A
53842,0,0,1,1,#cd2626,18,#FF6A6A
53843,0,0,1,1,#cd2626,18,#FF6A6A
53845,0,0,1,1,#cd2626,18,#FF6A6A
53846,0,0,1,1,#cd2626,18,#FF6A6A
54138,0,0,1,1,#cd2626,18,#FF6A6A
54179,0,0,1,2,#eead0e,18,#FF6A6A
54186,0,0,1,2,#eead0e,18,#FF6A6A
54209,0,0,1,1,#cd2626,18,#FF6A6A
54906,0,0,1,2,#eead0e,18,#FF6A6A
54907,0,0,1,1,#cd2626,18,#FF6A6A
55208,0,0,1,1,#cd2626,18,#FF6A6A
55220,0,0,1,1,#cd2626,18,#FF6A6A
55238,0,0,1,2,#eead0e,14,#9F79EE
55270,0,0,1,1,#cd2626,18,#FF6A6A
55297,0,0,1,1,#cd2626,18,#FF6A6A
55460,0,0,1,1,#cd2626,6,#EEDC82
55655,0,0,1,1,#cd2626,18,#FF6A6A
55659,0,0,1,1,#cd2626,18,#FF6A6A
55660,0,0,1,1,#cd2626,18,#FF6A6A
55958,0,0,1,2,#eead0e,14,#9F79EE
55966,0,0,1,2,#eead0e,18,#FF6A6A
55992,0,0,1,2,#eead0e,18,#FF6A6A
55993,0,0,1,2,#eead0e,18,#FF6A6A
56015,0,0,1,2,#eead0e,18,#FF6A6A
56016,0,0,1,2,#eead0e,18,#FF6A6A
56317,0,0,1,2,#eead0e,14,#9F79EE
56324,0,0,1,2,#eead0e,18,#FF6A6A
56353,0,0,1,2,#eead0e,18,#FF6A6A
56354,0,0,1,1,#cd2626,18,#FF6A6A
56373,0,0,1,1,#cd2626,18,#FF6A6A
56374,0,0,1,2,#eead0e,18,#FF6A6A
56713,0,0,1,2,#eead0e,18,#FF6A6A
56715,0,0,1,2,#eead0e,18,#FF6A6A
56716,0,0,1,2,#eead0e,12,#6959CD
56733,0,0,1,2,#eead0e,14,#9F79EE
56747,0,0,1,1,#cd2626,18,#FF6A6A
57074,0,0,1,2,#eead0e,18,#FF6A6A
57075,0,0,1,2,#eead0e,18,#FF6A6A
57076,0,0,1,2,#eead0e,18,#FF6A6A
57077,0,0,1,1,#cd2626,18,#FF6A6A
57078,0,0,1,2,#eead0e,18,#FF6A6A
57436,0,0,1,2,#eead0e,18,#FF6A6A
57437,0,0,1,2,#eead0e,14,#9F79EE
57438,0,0,1,2,#eead0e,18,#FF6A6A
57450,0,0,1,1,#cd2626,18,#FF6A6A
20455,0,0,1,5,#b452cd,8,#43CD80
20463,0,0,1,5,#b452cd,8,#43CD80
20465,0,0,1,3,#43cd80,2,#CD2626
20476,0,0,1,5,#b452cd,8,#43CD80
20825,0,0,1,5,#b452cd,2,#CD2626
20828,0,0,1,1,#cd2626,6,#EEDC82
20829,0,0,1,4,#6ca6cd,10,#6CA6CD
21189,0,0,1,3,#43cd80,2,#CD2626
21536,0,0,1,3,#43cd80,3,#EE7600
22615,0,0,1,5,#b452cd,8,#43CD80
22894,0,0,1,4,#6ca6cd,2,#CD2626
23267,0,0,1,3,#43cd80,4,#EEC900
23268,0,0,1,3,#43cd80,4,#EEC900
23333,0,0,1,5,#b452cd,2,#CD2626
23628,0,0,1,3,#43cd80,5,#EEAD0E
24486,0,0,1,5,#b452cd,8,#43CD80
24845,0,0,1,5,#b452cd,8,#43CD80
24846,0,0,1,5,#b452cd,3,#EE7600
25206,0,0,1,5,#b452cd,8,#43CD80
25558,0,0,1,5,#b452cd,6,#EEDC82
26987,0,0,1,3,#43cd80,5,#EEAD0E
27008,0,0,1,4,#6ca6cd,10,#6CA6CD
27347,0,0,1,1,#cd2626,6,#EEDC82
27348,0,0,1,1,#cd2626,6,#EEDC82
27586,0,0,1,4,#6ca6cd,10,#6CA6CD
27664,0,0,1,5,#b452cd,10,#6CA6CD
27665,0,0,1,5,#b452cd,10,#6CA6CD
27997,0,0,1,1,#cd2626,6,#EEDC82
28420,0,0,1,5,#b452cd,8,#43CD80
28421,0,0,1,5,#b452cd,8,#43CD80
28681,0,0,1,4,#6ca6cd,10,#6CA6CD
28726,0,0,1,3,#43cd80,5,#EEAD0E
28742,0,0,1,3,#43cd80,5,#EEAD0E
28757,0,0,1,1,#cd2626,1,#FF3030
29041,0,0,1,4,#6ca6cd,10,#6CA6CD
29042,0,0,1,4,#6ca6cd,10,#6CA6CD
30193,0,0,1,3,#43cd80,5,#EEAD0E
31650,0,0,1,5,#b452cd,8,#43CD80
32035,0,0,1,4,#6ca6cd,13,#EEAEEE
32353,0,0,1,3,#43cd80,3,#EE7600
32753,0,0,1,4,#6ca6cd,13,#EEAEEE
32754,0,0,1,4,#6ca6cd,13,#EEAEEE
33114,0,0,1,4,#6ca6cd,13,#EEAEEE
33734,0,0,1,3,#43cd80,4,#EEC900
34094,0,0,1,3,#43cd80,4,#EEC900
35087,0,0,1,3,#43cd80,4,#EEC900
35219,0,0,1,3,#43cd80,5,#EEAD0E
35226,0,0,1,3,#43cd80,5,#EEAD0E
35253,0,0,1,5,#b452cd,7,#98FB98
35271,0,0,1,4,#6ca6cd,10,#6CA6CD
35272,0,0,1,1,#cd2626,18,#FF6A6A
35538,0,0,1,2,#eead0e,14,#9F79EE
35581,0,0,1,1,#cd2626,18,#FF6A6A
35921,0,0,1,3,#43cd80,14,#9F79EE
35942,0,0,1,5,#b452cd,3,#EE7600
36164,0,0,1,4,#6ca6cd,1,#FF3030
36946,0,0,1,2,#eead0e,18,#FF6A6A
37307,0,0,1,1,#cd2626,18,#FF6A6A
37358,0,0,1,1,#cd2626,18,#FF6A6A
37603,0,0,1,1,#cd2626,18,#FF6A6A
38092,0,0,1,1,#cd2626,18,#FF6A6A
38256,0,0,1,1,#cd2626,6,#EEDC82
38278,0,0,1,1,#cd2626,6,#EEDC82
38452,0,0,1,4,#6ca6cd,10,#6CA6CD
38998,0,0,1,1,#cd2626,6,#EEDC82
39101,0,0,1,1,#cd2626,18,#FF6A6A
39462,0,0,1,2,#eead0e,12,#6959CD
39513,0,0,1,2,#eead0e,14,#9F79EE
39532,0,0,1,2,#eead0e,14,#9F79EE
40179,0,0,1,2,#eead0e,14,#9F79EE
40255,0,0,1,4,#6ca6cd,10,#6CA6CD
40261,0,0,1,4,#6ca6cd,13,#EEAEEE
40341,0,0,1,2,#eead0e,12,#6959CD
40411,0,0,1,4,#6ca6cd,10,#6CA6CD
40898,0,0,1,4,#6ca6cd,2,#CD2626
41641,0,0,1,2,#eead0e,14,#9F79EE
41994,0,0,1,4,#6ca6cd,11,#4876FF
41995,0,0,1,4,#6ca6cd,11,#4876FF
42067,0,0,1,1,#cd2626,6,#EEDC82
42282,0,0,1,1,#cd2626,6,#EEDC82
42352,0,0,1,2,#eead0e,12,#6959CD
42353,0,0,1,2,#eead0e,12,#6959CD
42428,0,0,1,1,#cd2626,6,#EEDC82
42642,0,0,1,5,#b452cd,8,#43CD80
42696,0,0,1,2,#eead0e,18,#FF6A6A
42711,0,0,1,2,#eead0e,16,#FF3E96
43068,0,0,1,2,#eead0e,15,#B452CD
43070,0,0,1,4,#6ca6cd,10,#6CA6CD
43071,0,0,1,1,#cd2626,18,#FF6A6A
43428,0,0,1,2,#eead0e,16,#FF3E96
43429,0,0,1,1,#cd2626,16,#FF3E96
43430,0,0,1,4,#6ca6cd,1,#FF3030
43431,0,0,1,4,#6ca6cd,18,#FF6A6A
43775,0,0,1,2,#eead0e,17,#EE799F
43870,0,0,1,2,#eead0e,13,#EEAEEE
44114,0,0,1,2,#eead0e,17,#EE799F
44135,0,0,1,2,#eead0e,17,#EE799F
44229,0,0,1,1,#cd2626,18,#FF6A6A
44231,0,0,1,2,#eead0e,12,#6959CD
44232,0,0,1,1,#cd2626,18,#FF6A6A
44592,0,0,1,2,#eead0e,12,#6959CD
44593,0,0,1,2,#eead0e,12,#6959CD
44595,0,0,1,1,#cd2626,5,#EEAD0E
44596,0,0,1,1,#cd2626,18,#FF6A6A
44831,0,0,1,2,#eead0e,1,#FF3030
44847,0,0,1,1,#cd2626,18,#FF6A6A
44950,0,0,1,2,#eead0e,14,#9F79EE
44952,0,0,1,4,#6ca6cd,10,#6CA6CD
44953,0,0,1,2,#eead0e,14,#9F79EE
44954,0,0,1,2,#eead0e,17,#EE799F
44955,0,0,1,2,#eead0e,17,#EE799F
44956,0,0,1,2,#eead0e,18,#FF6A6A
44958,0,0,1,2,#eead0e,14,#9F79EE
45193,0,0,1,2,#eead0e,17,#EE799F
45314,0,0,1,2,#eead0e,14,#9F79EE
45315,0,0,1,2,#eead0e,14,#9F79EE
45319,0,0,1,1,#cd2626,18,#FF6A6A
45543,0,0,1,2,#eead0e,17,#EE799F
45544,0,0,1,2,#eead0e,12,#6959CD
45552,0,0,1,2,#eead0e,17,#EE799F
45553,0,0,1,2,#eead0e,18,#FF6A6A
45570,0,0,1,5,#b452cd,3,#EE7600
45673,0,0,1,2,#eead0e,14,#9F79EE
45674,0,0,1,2,#eead0e,14,#9F79EE
45677,0,0,1,2,#eead0e,14,#9F79EE
45681,0,0,1,2,#eead0e,12,#6959CD
45823,0,0,1,1,#cd2626,13,#EEAEEE
45915,0,0,1,2,#eead0e,17,#EE799F
46037,0,0,1,2,#eead0e,14,#9F79EE
46039,0,0,1,2,#eead0e,14,#9F79EE
46262,0,0,1,2,#eead0e,12,#6959CD
46401,0,0,1,2,#eead0e,14,#9F79EE
46621,0,0,1,2,#eead0e,17,#EE799F
46622,0,0,1,2,#eead0e,18,#FF6A6A
46645,0,0,1,3,#43cd80,3,#EE7600
46646,0,0,1,3,#43cd80,3,#EE7600
46760,0,0,1,2,#eead0e,14,#9F79EE
46984,0,0,1,1,#cd2626,18,#FF6A6A
46993,0,0,1,2,#eead0e,1,#FF3030
47122,0,0,1,2,#eead0e,14,#9F79EE
47266,0,0,1,1,#cd2626,6,#EEDC82
47341,0,0,1,2,#eead0e,17,#EE799F
47482,0,0,1,2,#eead0e,14,#9F79EE
47484,0,0,1,2,#eead0e,12,#6959CD
47627,0,0,1,1,#cd2626,17,#EE799F
47717,0,0,1,1,#cd2626,18,#FF6A6A
47840,0,0,1,2,#eead0e,14,#9F79EE
47843,0,0,1,2,#eead0e,14,#9F79EE
47844,0,0,1,2,#eead0e,14,#9F79EE
48077,0,0,1,5,#b452cd,18,#FF6A6A
48455,0,0,1,3,#43cd80,3,#EE7600
48456,0,0,1,3,#43cd80,3,#EE7600
48457,0,0,1,3,#43cd80,3,#EE7600
48458,0,0,1,3,#43cd80,3,#EE7600
48459,0,0,1,3,#43cd80,3,#EE7600
48563,0,0,1,2,#eead0e,14,#9F79EE
48564,0,0,1,2,#eead0e,14,#9F79EE
48813,0,0,1,3,#43cd80,3,#EE7600
48923,0,0,1,2,#eead0e,14,#9F79EE
49173,0,0,1,3,#43cd80,3,#EE7600
49174,0,0,1,1,#cd2626,6,#EEDC82
52217,0,0,1,4,#6ca6cd,11,#4876FF
52752,0,0,1,4,#6ca6cd,13,#EEAEEE
53108,0,0,1,2,#eead0e,18,#FF6A6A
53466,0,0,1,2,#eead0e,17,#EE799F
53467,0,0,1,2,#eead0e,12,#6959CD
53826,0,0,1,2,#eead0e,12,#6959CD
53827,0,0,1,1,#cd2626,18,#FF6A6A
54185,0,0,1,2,#eead0e,18,#FF6A6A
55271,0,0,1,2,#eead0e,12,#6959CD
55272,0,0,1,2,#eead0e,12,#6959CD
55630,0,0,1,1,#cd2626,18,#FF6A6A
55632,0,0,1,2,#eead0e,12,#6959CD
57439,0,0,1,2,#eead0e,14,#9F79EE
57440,0,0,1,2,#eead0e,12,#6959CD
